user id,no of clicks,no of scrolls,no of times visited,time grater then 10
1,11.0,6.0,3.0,0
2,10.0,7.0,4.0,1
3,12.0,8.0,3.0,0
4,15.0,10.0,4.0,0
5,9.0,9.0,5.0,1
6,9.0,7.0,7.0,0
7,15.0,8.0,4.0,0
8,12.0,6.0,2.0,1
9,9.0,9.0,7.0,0
10,12.0,8.0,3.0,0
11,9.0,8.0,5.0,1
12,9.0,9.0,6.0,1
13,11.0,7.0,5.0,1
14,4.0,7.0,7.0,0
15,5.0,7.0,6.0,1
16,8.0,9.0,3.0,0
17,7.0,6.0,9.0,1
18,11.0,5.0,5.0,0
19,7.0,8.0,5.0,0
20,6.0,9.0,7.0,1
21,14.0,9.0,5.0,0
22,9.0,8.0,6.0,0
23,10.0,8.0,10.0,1
24,6.0,9.0,4.0,0
25,8.0,6.0,4.0,0
26,10.0,8.0,5.0,0
27,7.0,8.0,7.0,1
28,11.0,8.0,2.0,1
29,8.0,7.0,1.0,1
30,9.0,8.0,4.0,1
31,8.0,6.0,2.0,1
32,16.0,7.0,4.0,1
33,10.0,8.0,6.0,1
34,7.0,7.0,3.0,1
35,12.0,8.0,2.0,0
36,6.0,8.0,5.0,0
37,11.0,8.0,7.0,0
38,4.0,8.0,2.0,0
39,6.0,7.0,7.0,1
40,11.0,8.0,7.0,0
41,12.0,9.0,7.0,0
42,11.0,8.0,7.0,0
43,10.0,7.0,9.0,0
44,9.0,8.0,4.0,0
45,6.0,9.0,5.0,1
46,8.0,6.0,4.0,1
47,9.0,9.0,5.0,0
48,13.0,8.0,8.0,0
49,11.0,8.0,2.0,0
50,5.0,9.0,3.0,0
51,11.0,7.0,8.0,1
52,9.0,7.0,7.0,0
53,8.0,8.0,4.0,1
54,12.0,7.0,7.0,0
55,13.0,10.0,6.0,1
56,13.0,7.0,8.0,1
57,7.0,7.0,5.0,1
58,9.0,8.0,7.0,0
59,11.0,7.0,10.0,0
60,13.0,8.0,6.0,1
61,9.0,8.0,5.0,0
62,9.0,8.0,6.0,0
63,7.0,8.0,4.0,1
64,6.0,7.0,10.0,0
65,12.0,6.0,5.0,1
66,14.0,8.0,4.0,0
67,10.0,10.0,3.0,0
68,13.0,8.0,7.0,1
69,11.0,8.0,7.0,1
70,8.0,9.0,4.0,1
71,11.0,7.0,6.0,1
72,15.0,10.0,2.0,0
73,10.0,8.0,5.0,0
74,15.0,10.0,6.0,0
75,2.0,7.0,8.0,1
76,12.0,10.0,3.0,0
77,10.0,9.0,2.0,0
78,9.0,9.0,3.0,0
79,10.0,8.0,2.0,1
80,4.0,8.0,8.0,1
81,9.0,9.0,8.0,0
82,11.0,8.0,6.0,0
83,14.0,6.0,7.0,1
84,8.0,7.0,5.0,1
85,8.0,8.0,5.0,1
86,8.0,8.0,4.0,1
87,13.0,8.0,4.0,0
88,11.0,9.0,2.0,1
89,8.0,6.0,6.0,0
90,12.0,8.0,5.0,1
91,10.0,6.0,6.0,0
92,13.0,9.0,5.0,0
93,8.0,8.0,5.0,1
94,9.0,8.0,3.0,0
95,9.0,7.0,5.0,0
96,6.0,9.0,6.0,0
97,11.0,9.0,3.0,1
98,11.0,9.0,5.0,1
99,10.0,8.0,5.0,1
100,9.0,9.0,4.0,0
101,6.0,7.0,4.0,0
102,9.0,9.0,5.0,0
103,9.0,10.0,3.0,0
104,8.0,9.0,6.0,1
105,10.0,7.0,3.0,0
106,11.0,8.0,7.0,0
107,16.0,7.0,10.0,0
108,11.0,9.0,3.0,1
109,11.0,8.0,6.0,0
110,10.0,6.0,4.0,1
111,4.0,7.0,7.0,1
112,10.0,8.0,2.0,0
113,10.0,8.0,6.0,0
114,17.0,7.0,3.0,0
115,9.0,8.0,5.0,0
116,11.0,8.0,3.0,1
117,10.0,8.0,7.0,1
118,6.0,7.0,3.0,1
119,13.0,9.0,6.0,1
120,12.0,10.0,4.0,1
121,12.0,8.0,5.0,1
122,7.0,7.0,5.0,1
123,14.0,8.0,3.0,1
124,6.0,8.0,5.0,1
125,12.0,8.0,8.0,1
126,17.0,9.0,3.0,0
127,7.0,6.0,7.0,0
128,8.0,9.0,8.0,0
129,10.0,8.0,3.0,1
130,8.0,8.0,2.0,0
131,5.0,8.0,6.0,1
132,10.0,8.0,4.0,1
133,7.0,6.0,9.0,0
134,11.0,9.0,5.0,1
135,7.0,8.0,3.0,0
136,15.0,8.0,3.0,1
137,8.0,9.0,7.0,1
138,9.0,7.0,4.0,0
139,12.0,8.0,5.0,0
140,6.0,8.0,7.0,0
141,11.0,9.0,4.0,0
142,14.0,6.0,5.0,0
143,5.0,8.0,5.0,0
144,11.0,7.0,6.0,1
145,11.0,8.0,6.0,1
146,12.0,8.0,5.0,1
147,6.0,7.0,5.0,1
148,6.0,7.0,4.0,0
149,12.0,8.0,2.0,1
150,11.0,7.0,6.0,1
151,11.0,9.0,9.0,0
152,11.0,8.0,3.0,1
153,8.0,5.0,3.0,0
154,11.0,8.0,3.0,0
155,11.0,7.0,6.0,0
156,8.0,6.0,6.0,1
157,16.0,7.0,5.0,0
158,11.0,8.0,3.0,1
159,6.0,9.0,5.0,1
160,12.0,8.0,2.0,1
161,7.0,7.0,5.0,0
162,12.0,8.0,7.0,0
163,13.0,8.0,2.0,0
164,8.0,7.0,2.0,1
165,13.0,7.0,8.0,1
166,11.0,6.0,4.0,0
167,12.0,8.0,7.0,1
168,16.0,8.0,5.0,0
169,9.0,8.0,5.0,0
170,8.0,8.0,6.0,1
171,7.0,7.0,3.0,1
172,8.0,9.0,5.0,0
173,10.0,7.0,4.0,1
174,11.0,9.0,2.0,0
175,11.0,7.0,6.0,0
176,12.0,7.0,4.0,1
177,10.0,7.0,5.0,0
178,14.0,7.0,3.0,1
179,9.0,9.0,8.0,0
180,18.0,9.0,7.0,1
181,12.0,9.0,7.0,1
182,7.0,9.0,4.0,0
183,7.0,7.0,2.0,1
184,11.0,8.0,9.0,1
185,9.0,7.0,5.0,0
186,12.0,9.0,4.0,1
187,11.0,7.0,6.0,0
188,10.0,9.0,7.0,1
189,7.0,9.0,5.0,0
190,5.0,10.0,8.0,0
191,9.0,8.0,7.0,0
192,13.0,9.0,3.0,0
193,11.0,10.0,4.0,1
194,6.0,7.0,7.0,0
195,11.0,6.0,-0.0,1
196,11.0,6.0,5.0,0
197,7.0,9.0,2.0,1
198,10.0,6.0,4.0,0
199,10.0,8.0,4.0,1
200,7.0,8.0,4.0,1
201,11.0,8.0,4.0,0
202,12.0,8.0,3.0,0
203,13.0,8.0,10.0,0
204,13.0,9.0,9.0,1
205,6.0,7.0,3.0,1
206,7.0,7.0,8.0,1
207,12.0,7.0,4.0,1
208,12.0,9.0,5.0,0
209,12.0,9.0,5.0,0
210,22.0,8.0,4.0,0
211,12.0,9.0,7.0,0
212,13.0,7.0,5.0,1
213,13.0,10.0,4.0,1
214,12.0,10.0,2.0,0
215,9.0,9.0,3.0,1
216,12.0,10.0,2.0,0
217,8.0,6.0,5.0,1
218,9.0,7.0,3.0,1
219,9.0,7.0,4.0,1
220,10.0,9.0,8.0,1
221,17.0,7.0,7.0,1
222,4.0,9.0,5.0,1
223,12.0,9.0,5.0,0
224,5.0,9.0,9.0,1
225,9.0,8.0,6.0,0
226,13.0,7.0,4.0,0
227,10.0,7.0,2.0,0
228,7.0,9.0,6.0,0
229,8.0,9.0,7.0,0
230,12.0,8.0,4.0,0
231,8.0,8.0,6.0,1
232,11.0,6.0,4.0,1
233,10.0,7.0,5.0,1
234,8.0,10.0,0.0,0
235,16.0,7.0,5.0,0
236,12.0,8.0,7.0,0
237,4.0,9.0,4.0,1
238,11.0,7.0,5.0,1
239,8.0,8.0,3.0,1
240,13.0,9.0,6.0,0
241,8.0,8.0,5.0,0
242,10.0,11.0,3.0,0
243,12.0,6.0,8.0,1
244,13.0,9.0,7.0,0
245,6.0,8.0,4.0,0
246,9.0,9.0,6.0,0
247,9.0,8.0,6.0,0
248,8.0,7.0,6.0,1
249,15.0,8.0,2.0,1
250,11.0,6.0,7.0,0
251,6.0,9.0,4.0,0
252,13.0,8.0,4.0,1
253,16.0,9.0,10.0,1
254,13.0,9.0,6.0,0
255,5.0,8.0,4.0,1
256,9.0,8.0,1.0,1
257,14.0,7.0,8.0,0
258,8.0,7.0,2.0,1
259,11.0,9.0,3.0,1
260,12.0,9.0,4.0,1
261,7.0,8.0,8.0,1
262,10.0,8.0,7.0,0
263,0.0,7.0,5.0,1
264,7.0,9.0,6.0,1
265,9.0,9.0,4.0,0
266,6.0,10.0,5.0,1
267,15.0,7.0,5.0,0
268,6.0,8.0,7.0,0
269,9.0,8.0,7.0,1
270,10.0,9.0,6.0,1
271,14.0,8.0,4.0,1
272,6.0,7.0,6.0,1
273,13.0,9.0,5.0,1
274,10.0,9.0,3.0,0
275,7.0,7.0,4.0,1
276,11.0,9.0,5.0,0
277,11.0,9.0,7.0,1
278,8.0,8.0,5.0,0
279,10.0,8.0,3.0,1
280,9.0,9.0,5.0,1
281,10.0,7.0,5.0,1
282,12.0,8.0,5.0,1
283,15.0,6.0,7.0,1
284,6.0,9.0,7.0,0
285,16.0,6.0,4.0,1
286,4.0,10.0,4.0,1
287,10.0,8.0,3.0,1
288,12.0,8.0,6.0,0
289,11.0,7.0,8.0,1
290,8.0,8.0,4.0,0
291,9.0,9.0,5.0,1
292,9.0,6.0,8.0,0
293,8.0,9.0,6.0,1
294,13.0,8.0,6.0,1
295,11.0,7.0,3.0,0
296,8.0,7.0,6.0,1
297,13.0,10.0,3.0,0
298,11.0,7.0,3.0,1
299,12.0,7.0,4.0,1
300,12.0,9.0,4.0,0
301,8.0,8.0,5.0,1
302,8.0,7.0,2.0,0
303,12.0,8.0,7.0,0
304,12.0,7.0,7.0,1
305,10.0,9.0,1.0,1
306,10.0,9.0,7.0,1
307,14.0,9.0,3.0,0
308,8.0,8.0,7.0,0
309,12.0,10.0,5.0,1
310,9.0,8.0,5.0,0
311,9.0,7.0,5.0,0
312,13.0,8.0,7.0,0
313,12.0,10.0,3.0,0
314,12.0,7.0,6.0,1
315,14.0,8.0,7.0,1
316,10.0,8.0,6.0,1
317,12.0,8.0,10.0,0
318,9.0,7.0,4.0,0
319,11.0,9.0,7.0,0
320,10.0,10.0,5.0,0
321,10.0,8.0,7.0,1
322,12.0,7.0,5.0,0
323,8.0,6.0,4.0,0
324,16.0,8.0,8.0,1
325,7.0,9.0,4.0,1
326,6.0,8.0,2.0,1
327,13.0,8.0,4.0,0
328,12.0,7.0,6.0,0
329,12.0,7.0,8.0,0
330,12.0,9.0,5.0,0
331,10.0,9.0,8.0,0
332,7.0,6.0,2.0,0
333,10.0,10.0,4.0,1
334,8.0,9.0,4.0,0
335,13.0,9.0,5.0,1
336,10.0,7.0,5.0,1
337,8.0,7.0,6.0,1
338,9.0,8.0,4.0,0
339,11.0,9.0,5.0,0
340,8.0,10.0,5.0,1
341,8.0,9.0,3.0,0
342,11.0,8.0,5.0,0
343,11.0,7.0,5.0,1
344,8.0,9.0,5.0,0
345,9.0,7.0,5.0,0
346,11.0,10.0,5.0,0
347,6.0,8.0,4.0,0
348,6.0,10.0,8.0,1
349,8.0,9.0,3.0,1
350,9.0,8.0,4.0,0
351,11.0,7.0,11.0,0
352,14.0,8.0,3.0,0
353,13.0,8.0,2.0,1
354,10.0,8.0,6.0,0
355,10.0,7.0,1.0,0
356,7.0,8.0,5.0,1
357,10.0,8.0,9.0,0
358,9.0,6.0,2.0,1
359,11.0,8.0,1.0,0
360,8.0,7.0,2.0,1
361,12.0,7.0,7.0,0
362,15.0,6.0,7.0,0
363,10.0,6.0,4.0,1
364,11.0,7.0,6.0,1
365,12.0,7.0,8.0,1
366,9.0,10.0,9.0,1
367,11.0,7.0,5.0,1
368,10.0,8.0,0.0,0
369,10.0,8.0,3.0,1
370,8.0,8.0,4.0,1
371,10.0,8.0,4.0,1
372,11.0,7.0,5.0,1
373,14.0,9.0,7.0,0
374,13.0,10.0,8.0,0
375,16.0,6.0,5.0,0
376,8.0,7.0,7.0,0
377,13.0,8.0,6.0,0
378,11.0,7.0,5.0,1
379,17.0,9.0,7.0,0
380,8.0,7.0,5.0,0
381,7.0,10.0,9.0,1
382,8.0,9.0,2.0,1
383,4.0,8.0,4.0,0
384,8.0,9.0,5.0,0
385,8.0,9.0,6.0,1
386,10.0,7.0,8.0,0
387,11.0,7.0,5.0,1
388,16.0,8.0,2.0,1
389,13.0,9.0,7.0,0
390,8.0,8.0,7.0,0
391,7.0,6.0,1.0,0
392,11.0,7.0,5.0,1
393,6.0,8.0,2.0,1
394,15.0,8.0,4.0,0
395,14.0,10.0,3.0,0
396,9.0,7.0,7.0,0
397,5.0,9.0,5.0,1
398,14.0,9.0,2.0,1
399,10.0,10.0,7.0,1
400,14.0,8.0,2.0,0
401,5.0,8.0,6.0,1
402,8.0,9.0,3.0,1
403,10.0,8.0,4.0,0
404,10.0,8.0,6.0,1
405,9.0,8.0,6.0,0
406,12.0,5.0,8.0,1
407,7.0,9.0,5.0,0
408,10.0,8.0,6.0,0
409,10.0,8.0,4.0,1
410,12.0,10.0,5.0,0
411,12.0,7.0,6.0,1
412,7.0,8.0,5.0,0
413,5.0,10.0,1.0,0
414,14.0,7.0,6.0,0
415,11.0,7.0,6.0,1
416,8.0,8.0,4.0,0
417,15.0,9.0,2.0,0
418,10.0,8.0,8.0,1
419,14.0,7.0,6.0,0
420,10.0,7.0,5.0,0
421,16.0,7.0,3.0,0
422,15.0,8.0,3.0,0
423,9.0,8.0,8.0,1
424,13.0,8.0,5.0,0
425,12.0,6.0,4.0,0
426,14.0,9.0,6.0,1
427,7.0,8.0,3.0,0
428,12.0,9.0,8.0,0
429,13.0,8.0,8.0,1
430,5.0,9.0,4.0,1
431,6.0,8.0,4.0,1
432,4.0,9.0,-0.0,1
433,9.0,9.0,2.0,0
434,12.0,8.0,2.0,1
435,15.0,10.0,5.0,0
436,10.0,9.0,4.0,1
437,15.0,9.0,2.0,0
438,6.0,7.0,4.0,1
439,5.0,7.0,6.0,1
440,10.0,8.0,6.0,0
441,11.0,8.0,1.0,1
442,10.0,7.0,5.0,1
443,4.0,8.0,2.0,1
444,10.0,10.0,7.0,0
445,6.0,9.0,7.0,1
446,12.0,7.0,3.0,1
447,11.0,8.0,3.0,0
448,7.0,7.0,4.0,0
449,8.0,8.0,0.0,1
450,7.0,8.0,6.0,0
451,10.0,8.0,4.0,0
452,13.0,7.0,7.0,0
453,7.0,8.0,3.0,1
454,12.0,7.0,4.0,1
455,8.0,5.0,2.0,0
456,8.0,10.0,3.0,1
457,10.0,9.0,3.0,0
458,7.0,8.0,7.0,1
459,8.0,8.0,4.0,0
460,6.0,7.0,5.0,1
461,16.0,10.0,4.0,0
462,10.0,10.0,2.0,1
463,8.0,8.0,5.0,1
464,11.0,9.0,6.0,0
465,10.0,8.0,3.0,1
466,9.0,7.0,7.0,1
467,12.0,8.0,3.0,1
468,12.0,8.0,4.0,1
469,8.0,8.0,6.0,1
470,8.0,8.0,4.0,1
471,9.0,8.0,5.0,1
472,3.0,8.0,4.0,1
473,5.0,8.0,5.0,0
474,14.0,7.0,0.0,1
475,15.0,7.0,1.0,0
476,9.0,7.0,6.0,1
477,12.0,9.0,7.0,0
478,11.0,6.0,3.0,1
479,19.0,9.0,5.0,0
480,13.0,9.0,6.0,0
481,10.0,8.0,6.0,1
482,7.0,5.0,1.0,0
483,5.0,8.0,3.0,1
484,11.0,8.0,4.0,1
485,8.0,7.0,6.0,0
486,6.0,7.0,10.0,1
487,8.0,10.0,5.0,0
488,7.0,9.0,2.0,0
489,15.0,7.0,6.0,1
490,13.0,6.0,8.0,1
491,10.0,8.0,5.0,1
492,14.0,8.0,3.0,1
493,10.0,8.0,7.0,1
494,7.0,7.0,6.0,0
495,15.0,9.0,3.0,0
496,12.0,10.0,6.0,1
497,7.0,9.0,7.0,1
498,9.0,8.0,7.0,1
499,7.0,8.0,5.0,0
500,6.0,8.0,4.0,0
501,13.0,9.0,7.0,0
502,16.0,7.0,3.0,1
503,6.0,8.0,6.0,1
504,12.0,8.0,2.0,0
505,8.0,7.0,7.0,1
506,9.0,7.0,4.0,1
507,8.0,8.0,8.0,0
508,7.0,8.0,6.0,0
509,10.0,9.0,3.0,1
510,8.0,7.0,8.0,0
511,11.0,9.0,8.0,1
512,10.0,7.0,7.0,0
513,9.0,10.0,3.0,0
514,7.0,6.0,4.0,1
515,8.0,8.0,5.0,1
516,12.0,8.0,4.0,0
517,12.0,7.0,8.0,1
518,7.0,8.0,5.0,0
519,10.0,9.0,-0.0,1
520,12.0,6.0,6.0,0
521,5.0,9.0,4.0,0
522,12.0,6.0,5.0,0
523,8.0,7.0,4.0,1
524,12.0,10.0,7.0,0
525,8.0,7.0,7.0,0
526,5.0,7.0,6.0,0
527,5.0,8.0,4.0,0
528,10.0,10.0,5.0,1
529,11.0,6.0,5.0,1
530,7.0,7.0,3.0,0
531,12.0,9.0,6.0,0
532,5.0,10.0,6.0,1
533,10.0,8.0,8.0,0
534,6.0,7.0,8.0,1
535,8.0,10.0,4.0,0
536,10.0,10.0,7.0,1
537,7.0,9.0,3.0,0
538,9.0,7.0,6.0,1
539,13.0,8.0,4.0,1
540,8.0,8.0,3.0,1
541,13.0,8.0,6.0,0
542,7.0,9.0,-0.0,1
543,12.0,9.0,1.0,1
544,14.0,7.0,5.0,0
545,3.0,9.0,5.0,0
546,8.0,8.0,4.0,0
547,12.0,9.0,2.0,0
548,9.0,9.0,3.0,1
549,11.0,7.0,6.0,0
550,8.0,8.0,6.0,0
551,10.0,7.0,5.0,0
552,10.0,6.0,7.0,0
553,14.0,8.0,6.0,0
554,11.0,11.0,4.0,0
555,11.0,6.0,4.0,0
556,9.0,8.0,2.0,1
557,9.0,9.0,5.0,1
558,9.0,8.0,7.0,1
559,11.0,8.0,6.0,1
560,9.0,7.0,8.0,1
561,11.0,8.0,4.0,0
562,16.0,7.0,8.0,0
563,13.0,6.0,5.0,0
564,9.0,9.0,8.0,0
565,14.0,9.0,5.0,1
566,9.0,8.0,6.0,1
567,4.0,8.0,8.0,0
568,7.0,9.0,5.0,0
569,4.0,8.0,5.0,1
570,9.0,9.0,8.0,1
571,10.0,8.0,5.0,1
572,15.0,9.0,2.0,0
573,11.0,8.0,9.0,0
574,9.0,8.0,4.0,1
575,12.0,7.0,5.0,1
576,3.0,8.0,7.0,0
577,11.0,7.0,4.0,0
578,12.0,7.0,3.0,0
579,6.0,7.0,6.0,0
580,13.0,7.0,1.0,1
581,11.0,10.0,4.0,1
582,9.0,9.0,5.0,1
583,12.0,10.0,4.0,0
584,17.0,7.0,2.0,0
585,11.0,8.0,8.0,0
586,11.0,7.0,5.0,1
587,9.0,7.0,8.0,1
588,7.0,7.0,4.0,1
589,12.0,9.0,3.0,0
590,7.0,8.0,6.0,0
591,10.0,9.0,5.0,1
592,9.0,9.0,3.0,0
593,11.0,10.0,8.0,1
594,11.0,7.0,4.0,1
595,13.0,9.0,1.0,1
596,8.0,9.0,8.0,1
597,9.0,7.0,4.0,0
598,7.0,9.0,4.0,0
599,9.0,8.0,1.0,0
600,11.0,8.0,8.0,0
601,12.0,7.0,2.0,0
602,7.0,7.0,5.0,0
603,13.0,10.0,7.0,1
604,14.0,8.0,6.0,0
605,11.0,9.0,5.0,0
606,16.0,7.0,2.0,0
607,8.0,7.0,3.0,1
608,6.0,9.0,5.0,0
609,5.0,7.0,3.0,1
610,14.0,8.0,5.0,0
611,12.0,8.0,6.0,0
612,10.0,8.0,7.0,0
613,11.0,8.0,3.0,1
614,7.0,8.0,9.0,1
615,17.0,9.0,7.0,0
616,10.0,9.0,5.0,0
617,10.0,7.0,7.0,0
618,12.0,8.0,10.0,1
619,11.0,9.0,2.0,1
620,11.0,9.0,5.0,0
621,8.0,7.0,0.0,1
622,11.0,8.0,5.0,1
623,16.0,6.0,6.0,1
624,14.0,8.0,5.0,1
625,15.0,10.0,4.0,0
626,8.0,7.0,1.0,0
627,7.0,7.0,6.0,1
628,10.0,9.0,8.0,1
629,10.0,6.0,4.0,1
630,13.0,7.0,6.0,0
631,5.0,9.0,2.0,0
632,15.0,7.0,6.0,1
633,10.0,8.0,4.0,1
634,9.0,9.0,3.0,1
635,7.0,8.0,3.0,1
636,5.0,8.0,4.0,0
637,12.0,8.0,6.0,0
638,10.0,8.0,2.0,0
639,6.0,8.0,4.0,0
640,6.0,8.0,5.0,0
641,9.0,8.0,3.0,0
642,15.0,8.0,9.0,1
643,9.0,7.0,3.0,1
644,5.0,8.0,4.0,0
645,9.0,7.0,3.0,0
646,9.0,7.0,9.0,0
647,2.0,8.0,6.0,1
648,10.0,8.0,3.0,1
649,9.0,9.0,7.0,1
650,12.0,8.0,5.0,1
651,16.0,8.0,6.0,0
652,13.0,9.0,4.0,1
653,9.0,8.0,4.0,0
654,7.0,7.0,6.0,1
655,18.0,8.0,4.0,1
656,10.0,8.0,9.0,1
657,10.0,8.0,2.0,1
658,10.0,6.0,8.0,0
659,11.0,8.0,5.0,0
660,10.0,10.0,6.0,0
661,8.0,8.0,7.0,0
662,8.0,7.0,4.0,0
663,10.0,8.0,7.0,0
664,8.0,8.0,-0.0,0
665,8.0,9.0,4.0,1
666,10.0,7.0,3.0,0
667,9.0,9.0,2.0,1
668,15.0,9.0,5.0,0
669,2.0,8.0,6.0,1
670,13.0,8.0,6.0,0
671,14.0,9.0,5.0,1
672,4.0,9.0,4.0,0
673,9.0,7.0,6.0,0
674,9.0,9.0,5.0,0
675,6.0,8.0,7.0,0
676,8.0,8.0,7.0,1
677,7.0,8.0,5.0,0
678,15.0,8.0,3.0,0
679,13.0,9.0,4.0,1
680,14.0,8.0,4.0,0
681,12.0,7.0,4.0,1
682,7.0,8.0,6.0,1
683,8.0,8.0,6.0,0
684,11.0,9.0,5.0,0
685,6.0,9.0,5.0,1
686,12.0,7.0,5.0,0
687,9.0,10.0,4.0,1
688,9.0,8.0,3.0,0
689,12.0,9.0,1.0,0
690,11.0,8.0,4.0,1
691,9.0,9.0,6.0,0
692,13.0,9.0,4.0,0
693,7.0,9.0,5.0,0
694,12.0,9.0,6.0,1
695,12.0,9.0,6.0,0
696,9.0,8.0,3.0,1
697,11.0,7.0,7.0,0
698,6.0,8.0,7.0,1
699,13.0,9.0,3.0,0
700,9.0,8.0,3.0,0
701,8.0,9.0,7.0,1
702,13.0,9.0,5.0,0
703,8.0,7.0,1.0,1
704,6.0,7.0,2.0,0
705,5.0,8.0,5.0,1
706,12.0,8.0,3.0,0
707,6.0,7.0,4.0,1
708,15.0,9.0,5.0,0
709,4.0,8.0,8.0,1
710,15.0,8.0,4.0,1
711,11.0,7.0,7.0,0
712,10.0,7.0,8.0,1
713,8.0,8.0,8.0,1
714,11.0,6.0,6.0,0
715,10.0,9.0,1.0,0
716,13.0,8.0,6.0,0
717,10.0,11.0,7.0,0
718,10.0,10.0,5.0,0
719,9.0,8.0,8.0,0
720,10.0,8.0,7.0,1
721,11.0,9.0,6.0,1
722,5.0,10.0,7.0,1
723,6.0,6.0,6.0,0
724,12.0,6.0,0.0,0
725,11.0,7.0,4.0,1
726,9.0,9.0,7.0,1
727,10.0,8.0,3.0,0
728,11.0,9.0,5.0,1
729,8.0,7.0,3.0,0
730,8.0,6.0,9.0,0
731,11.0,9.0,8.0,1
732,7.0,7.0,3.0,0
733,11.0,6.0,5.0,0
734,5.0,8.0,4.0,0
735,13.0,9.0,6.0,0
736,11.0,8.0,6.0,1
737,11.0,8.0,7.0,0
738,13.0,8.0,6.0,0
739,15.0,8.0,11.0,1
740,13.0,7.0,3.0,0
741,4.0,7.0,2.0,0
742,6.0,9.0,4.0,1
743,8.0,8.0,2.0,1
744,10.0,8.0,2.0,0
745,12.0,7.0,3.0,0
746,8.0,8.0,3.0,1
747,11.0,6.0,3.0,0
748,8.0,8.0,6.0,0
749,8.0,9.0,4.0,0
750,6.0,7.0,5.0,1
751,7.0,7.0,7.0,0
752,6.0,8.0,3.0,1
753,7.0,9.0,4.0,1
754,13.0,8.0,6.0,1
755,7.0,7.0,1.0,1
756,18.0,6.0,0.0,0
757,11.0,8.0,6.0,1
758,11.0,10.0,6.0,0
759,7.0,8.0,9.0,1
760,12.0,8.0,5.0,1
761,8.0,8.0,7.0,0
762,10.0,8.0,5.0,1
763,18.0,7.0,6.0,1
764,10.0,9.0,8.0,0
765,13.0,8.0,1.0,1
766,8.0,8.0,6.0,1
767,10.0,7.0,9.0,1
768,15.0,9.0,6.0,0
769,8.0,9.0,8.0,1
770,15.0,7.0,4.0,0
771,12.0,9.0,5.0,0
772,8.0,8.0,5.0,0
773,12.0,7.0,1.0,1
774,13.0,7.0,3.0,1
775,12.0,6.0,3.0,1
776,5.0,8.0,7.0,1
777,8.0,6.0,7.0,0
778,9.0,7.0,6.0,0
779,10.0,6.0,7.0,1
780,12.0,8.0,5.0,1
781,11.0,8.0,7.0,0
782,6.0,8.0,5.0,1
783,11.0,7.0,5.0,1
784,12.0,7.0,4.0,1
785,12.0,8.0,6.0,1
786,13.0,7.0,4.0,1
787,13.0,8.0,7.0,1
788,11.0,7.0,3.0,0
789,10.0,8.0,3.0,0
790,5.0,9.0,6.0,0
791,11.0,9.0,5.0,0
792,11.0,8.0,4.0,1
793,11.0,8.0,7.0,1
794,6.0,8.0,4.0,0
795,7.0,8.0,5.0,0
796,13.0,8.0,8.0,0
797,10.0,8.0,8.0,0
798,12.0,8.0,8.0,0
799,10.0,7.0,4.0,1
800,10.0,7.0,7.0,1
801,13.0,7.0,3.0,0
802,8.0,6.0,3.0,0
803,10.0,7.0,0.0,1
804,9.0,8.0,8.0,1
805,9.0,7.0,3.0,1
806,9.0,9.0,5.0,0
807,11.0,8.0,3.0,1
808,9.0,6.0,6.0,0
809,14.0,9.0,4.0,0
810,7.0,9.0,2.0,1
811,9.0,7.0,6.0,1
812,9.0,8.0,2.0,1
813,14.0,7.0,3.0,0
814,11.0,8.0,1.0,1
815,13.0,7.0,2.0,1
816,6.0,6.0,5.0,0
817,11.0,8.0,1.0,1
818,13.0,8.0,2.0,1
819,10.0,8.0,5.0,0
820,13.0,7.0,4.0,0
821,8.0,8.0,9.0,0
822,14.0,8.0,9.0,0
823,17.0,8.0,3.0,0
824,9.0,8.0,6.0,1
825,9.0,7.0,6.0,1
826,14.0,9.0,4.0,0
827,15.0,7.0,2.0,1
828,8.0,8.0,5.0,1
829,9.0,9.0,5.0,0
830,9.0,8.0,4.0,0
831,6.0,8.0,6.0,0
832,7.0,7.0,3.0,1
833,7.0,9.0,3.0,0
834,8.0,7.0,5.0,1
835,10.0,7.0,6.0,1
836,11.0,8.0,3.0,1
837,15.0,9.0,7.0,1
838,7.0,8.0,1.0,0
839,13.0,7.0,4.0,1
840,9.0,8.0,4.0,0
841,10.0,7.0,4.0,1
842,12.0,7.0,4.0,0
843,7.0,9.0,9.0,0
844,11.0,7.0,3.0,0
845,10.0,10.0,10.0,1
846,11.0,9.0,6.0,1
847,11.0,9.0,5.0,1
848,17.0,8.0,6.0,0
849,8.0,8.0,10.0,1
850,8.0,7.0,3.0,1
851,8.0,7.0,3.0,1
852,8.0,8.0,3.0,0
853,8.0,9.0,5.0,1
854,14.0,7.0,2.0,1
855,14.0,8.0,5.0,0
856,8.0,8.0,8.0,0
857,8.0,7.0,5.0,0
858,11.0,9.0,4.0,0
859,8.0,7.0,4.0,0
860,12.0,8.0,7.0,0
861,11.0,8.0,3.0,1
862,5.0,7.0,9.0,1
863,15.0,8.0,9.0,0
864,15.0,8.0,6.0,1
865,8.0,8.0,5.0,0
866,9.0,7.0,7.0,1
867,11.0,8.0,7.0,0
868,11.0,10.0,3.0,0
869,12.0,8.0,4.0,1
870,16.0,9.0,2.0,1
871,9.0,7.0,6.0,1
872,8.0,8.0,6.0,1
873,6.0,7.0,2.0,1
874,8.0,7.0,4.0,1
875,10.0,7.0,2.0,1
876,15.0,9.0,3.0,1
877,8.0,9.0,6.0,0
878,11.0,8.0,4.0,1
879,10.0,6.0,4.0,1
880,14.0,8.0,2.0,0
881,18.0,8.0,5.0,0
882,8.0,8.0,5.0,0
883,9.0,6.0,4.0,0
884,13.0,7.0,5.0,1
885,12.0,8.0,5.0,1
886,16.0,9.0,3.0,0
887,12.0,6.0,2.0,0
888,9.0,8.0,9.0,1
889,12.0,8.0,4.0,1
890,13.0,9.0,5.0,1
891,12.0,9.0,7.0,1
892,12.0,9.0,12.0,0
893,13.0,7.0,3.0,1
894,14.0,6.0,6.0,0
895,14.0,8.0,4.0,0
896,12.0,9.0,4.0,0
897,9.0,9.0,4.0,1
898,10.0,9.0,3.0,0
899,14.0,8.0,5.0,1
900,8.0,8.0,2.0,0
901,11.0,7.0,7.0,1
902,9.0,8.0,5.0,0
903,10.0,10.0,6.0,0
904,14.0,7.0,4.0,1
905,11.0,10.0,4.0,1
906,10.0,8.0,6.0,0
907,6.0,9.0,3.0,0
908,12.0,7.0,4.0,1
909,12.0,9.0,3.0,0
910,16.0,7.0,3.0,1
911,9.0,7.0,1.0,1
912,11.0,8.0,8.0,0
913,11.0,9.0,4.0,1
914,15.0,7.0,7.0,0
915,10.0,7.0,7.0,1
916,11.0,8.0,2.0,1
917,12.0,8.0,3.0,0
918,11.0,9.0,10.0,1
919,9.0,9.0,9.0,0
920,11.0,8.0,5.0,1
921,13.0,10.0,6.0,1
922,7.0,8.0,4.0,1
923,10.0,8.0,6.0,1
924,8.0,6.0,4.0,0
925,14.0,8.0,1.0,1
926,5.0,8.0,2.0,1
927,8.0,9.0,5.0,1
928,11.0,8.0,3.0,0
929,15.0,7.0,5.0,0
930,10.0,8.0,3.0,0
931,8.0,9.0,3.0,0
932,16.0,10.0,7.0,1
933,6.0,9.0,5.0,1
934,3.0,9.0,5.0,1
935,11.0,8.0,7.0,0
936,8.0,8.0,6.0,0
937,7.0,9.0,8.0,1
938,12.0,7.0,4.0,1
939,11.0,8.0,4.0,1
940,8.0,7.0,2.0,0
941,6.0,8.0,4.0,1
942,13.0,9.0,7.0,1
943,12.0,7.0,8.0,0
944,10.0,6.0,7.0,0
945,16.0,8.0,1.0,1
946,7.0,9.0,7.0,0
947,5.0,9.0,1.0,1
948,8.0,8.0,7.0,1
949,10.0,8.0,4.0,1
950,11.0,7.0,6.0,1
951,9.0,9.0,2.0,0
952,11.0,7.0,7.0,0
953,6.0,10.0,2.0,0
954,14.0,9.0,4.0,1
955,10.0,7.0,3.0,1
956,13.0,7.0,1.0,1
957,11.0,8.0,5.0,0
958,11.0,8.0,9.0,0
959,12.0,9.0,10.0,1
960,11.0,8.0,5.0,0
961,12.0,7.0,7.0,0
962,14.0,10.0,5.0,0
963,11.0,8.0,6.0,0
964,12.0,9.0,4.0,1
965,10.0,7.0,5.0,0
966,14.0,8.0,6.0,1
967,8.0,8.0,4.0,0
968,15.0,6.0,5.0,1
969,10.0,10.0,5.0,1
970,6.0,9.0,7.0,0
971,10.0,8.0,3.0,1
972,8.0,7.0,5.0,1
973,13.0,8.0,9.0,0
974,8.0,8.0,7.0,1
975,9.0,8.0,8.0,0
976,4.0,8.0,5.0,1
977,9.0,9.0,6.0,0
978,3.0,9.0,7.0,0
979,5.0,9.0,8.0,0
980,12.0,7.0,1.0,0
981,12.0,9.0,2.0,0
982,11.0,10.0,8.0,1
983,7.0,11.0,4.0,1
984,10.0,7.0,4.0,0
985,10.0,8.0,2.0,1
986,7.0,6.0,4.0,1
987,15.0,9.0,2.0,1
988,13.0,7.0,9.0,0
989,9.0,10.0,5.0,0
990,10.0,7.0,5.0,1
991,11.0,6.0,6.0,0
992,4.0,8.0,7.0,0
993,9.0,6.0,7.0,1
994,8.0,9.0,7.0,0
995,7.0,6.0,4.0,0
996,9.0,8.0,4.0,0
997,15.0,6.0,7.0,0
998,12.0,8.0,4.0,0
999,8.0,10.0,5.0,1
1000,12.0,8.0,6.0,0
1001,14.0,7.0,7.0,0
1002,13.0,8.0,1.0,1
1003,10.0,8.0,6.0,1
1004,8.0,8.0,5.0,0
1005,12.0,7.0,6.0,1
1006,11.0,9.0,7.0,0
1007,13.0,5.0,8.0,1
1008,12.0,7.0,8.0,0
1009,13.0,8.0,8.0,1
1010,8.0,9.0,8.0,0
1011,14.0,8.0,6.0,1
1012,11.0,7.0,5.0,0
1013,16.0,7.0,7.0,0
1014,8.0,8.0,6.0,0
1015,15.0,8.0,4.0,1
1016,11.0,7.0,6.0,1
1017,8.0,8.0,5.0,0
1018,9.0,9.0,3.0,0
1019,9.0,7.0,8.0,0
1020,11.0,8.0,5.0,0
1021,12.0,10.0,9.0,1
1022,8.0,7.0,2.0,1
1023,10.0,6.0,4.0,1
1024,16.0,9.0,5.0,0
1025,15.0,7.0,7.0,0
1026,11.0,8.0,6.0,1
1027,10.0,7.0,6.0,1
1028,10.0,8.0,3.0,1
1029,12.0,10.0,3.0,1
1030,7.0,9.0,6.0,0
1031,9.0,9.0,2.0,0
1032,5.0,7.0,4.0,0
1033,11.0,7.0,6.0,1
1034,12.0,5.0,3.0,0
1035,9.0,7.0,8.0,1
1036,15.0,9.0,7.0,1
1037,6.0,9.0,2.0,1
1038,6.0,8.0,3.0,1
1039,11.0,8.0,0.0,1
1040,13.0,7.0,3.0,0
1041,15.0,8.0,7.0,0
1042,9.0,9.0,4.0,0
1043,13.0,6.0,6.0,1
1044,10.0,8.0,2.0,0
1045,9.0,9.0,7.0,1
1046,13.0,8.0,4.0,0
1047,12.0,9.0,5.0,1
1048,5.0,11.0,5.0,1
1049,14.0,8.0,2.0,0
1050,14.0,8.0,3.0,1
1051,8.0,7.0,7.0,0
1052,11.0,8.0,6.0,0
1053,11.0,8.0,7.0,0
1054,11.0,8.0,6.0,1
1055,8.0,7.0,5.0,1
1056,8.0,8.0,2.0,1
1057,10.0,9.0,4.0,1
1058,14.0,8.0,5.0,0
1059,12.0,9.0,9.0,1
1060,9.0,8.0,6.0,0
1061,12.0,9.0,8.0,0
1062,1.0,8.0,6.0,1
1063,13.0,7.0,4.0,1
1064,5.0,8.0,5.0,0
1065,9.0,7.0,5.0,1
1066,7.0,7.0,3.0,0
1067,6.0,8.0,4.0,1
1068,13.0,8.0,5.0,1
1069,9.0,7.0,8.0,0
1070,11.0,9.0,1.0,0
1071,10.0,9.0,7.0,0
1072,11.0,7.0,3.0,1
1073,10.0,6.0,2.0,1
1074,6.0,8.0,7.0,1
1075,13.0,8.0,6.0,0
1076,9.0,8.0,8.0,0
1077,5.0,8.0,7.0,1
1078,9.0,6.0,9.0,0
1079,15.0,8.0,6.0,1
1080,13.0,8.0,5.0,0
1081,9.0,9.0,6.0,1
1082,9.0,7.0,7.0,1
1083,9.0,10.0,3.0,1
1084,16.0,6.0,4.0,0
1085,11.0,9.0,4.0,0
1086,11.0,8.0,1.0,1
1087,13.0,9.0,5.0,1
1088,11.0,8.0,1.0,1
1089,9.0,9.0,5.0,1
1090,9.0,8.0,7.0,1
1091,10.0,7.0,4.0,1
1092,10.0,9.0,8.0,0
1093,12.0,8.0,2.0,0
1094,10.0,8.0,7.0,0
1095,12.0,9.0,6.0,0
1096,10.0,7.0,2.0,1
1097,10.0,9.0,10.0,1
1098,4.0,7.0,5.0,1
1099,13.0,8.0,3.0,0
1100,11.0,8.0,2.0,0
1101,13.0,6.0,5.0,1
1102,1.0,7.0,5.0,0
1103,16.0,9.0,5.0,0
1104,10.0,9.0,4.0,1
1105,13.0,8.0,6.0,1
1106,7.0,8.0,4.0,1
1107,12.0,8.0,1.0,0
1108,7.0,9.0,5.0,1
1109,8.0,8.0,0.0,1
1110,16.0,8.0,6.0,1
1111,9.0,9.0,3.0,0
1112,11.0,7.0,5.0,0
1113,13.0,10.0,8.0,1
1114,11.0,6.0,3.0,1
1115,10.0,10.0,7.0,0
1116,11.0,8.0,4.0,0
1117,17.0,8.0,9.0,1
1118,10.0,6.0,4.0,0
1119,11.0,8.0,3.0,1
1120,13.0,7.0,6.0,1
1121,13.0,7.0,4.0,0
1122,14.0,8.0,3.0,1
1123,12.0,9.0,4.0,1
1124,7.0,8.0,5.0,0
1125,15.0,8.0,8.0,1
1126,7.0,7.0,1.0,0
1127,11.0,7.0,5.0,1
1128,8.0,10.0,6.0,1
1129,10.0,7.0,5.0,0
1130,11.0,10.0,8.0,0
1131,11.0,8.0,5.0,0
1132,11.0,8.0,5.0,0
1133,15.0,9.0,6.0,0
1134,11.0,9.0,5.0,0
1135,9.0,8.0,4.0,1
1136,13.0,8.0,6.0,0
1137,14.0,8.0,4.0,1
1138,6.0,8.0,4.0,0
1139,12.0,9.0,4.0,1
1140,12.0,8.0,8.0,1
1141,9.0,9.0,-1.0,0
1142,14.0,10.0,6.0,1
1143,10.0,8.0,5.0,1
1144,10.0,8.0,2.0,1
1145,9.0,6.0,6.0,0
1146,10.0,5.0,6.0,0
1147,7.0,8.0,6.0,1
1148,6.0,8.0,-0.0,0
1149,15.0,7.0,8.0,0
1150,7.0,8.0,4.0,1
1151,7.0,8.0,6.0,1
1152,4.0,9.0,6.0,0
1153,8.0,8.0,3.0,0
1154,6.0,7.0,6.0,0
1155,15.0,9.0,4.0,1
1156,13.0,8.0,1.0,0
1157,8.0,9.0,7.0,0
1158,17.0,8.0,3.0,0
1159,13.0,7.0,3.0,1
1160,9.0,8.0,4.0,1
1161,3.0,8.0,6.0,1
1162,17.0,8.0,5.0,0
1163,6.0,8.0,6.0,0
1164,5.0,6.0,2.0,1
1165,13.0,8.0,4.0,0
1166,17.0,9.0,5.0,0
1167,14.0,8.0,9.0,0
1168,12.0,8.0,5.0,1
1169,12.0,9.0,7.0,0
1170,13.0,7.0,5.0,0
1171,12.0,6.0,4.0,1
1172,11.0,8.0,5.0,0
1173,10.0,8.0,5.0,1
1174,10.0,7.0,6.0,0
1175,8.0,8.0,8.0,1
1176,9.0,8.0,6.0,1
1177,5.0,8.0,7.0,0
1178,10.0,8.0,3.0,0
1179,7.0,10.0,4.0,1
1180,7.0,8.0,4.0,0
1181,11.0,8.0,6.0,1
1182,14.0,7.0,4.0,0
1183,13.0,7.0,6.0,0
1184,5.0,7.0,3.0,0
1185,7.0,8.0,5.0,0
1186,13.0,8.0,6.0,1
1187,7.0,10.0,1.0,1
1188,9.0,7.0,9.0,0
1189,12.0,8.0,4.0,0
1190,7.0,8.0,1.0,0
1191,10.0,8.0,5.0,0
1192,6.0,8.0,5.0,0
1193,8.0,9.0,5.0,1
1194,11.0,6.0,7.0,1
1195,5.0,6.0,6.0,0
1196,11.0,8.0,6.0,1
1197,10.0,9.0,6.0,1
1198,12.0,6.0,5.0,0
1199,11.0,5.0,9.0,1
1200,14.0,9.0,2.0,1
1201,10.0,8.0,5.0,1
1202,9.0,7.0,5.0,1
1203,10.0,7.0,7.0,0
1204,12.0,7.0,3.0,1
1205,10.0,8.0,2.0,1
1206,10.0,7.0,5.0,1
1207,8.0,8.0,6.0,0
1208,8.0,5.0,8.0,1
1209,6.0,7.0,2.0,1
1210,15.0,7.0,7.0,1
1211,6.0,8.0,10.0,0
1212,8.0,7.0,4.0,0
1213,8.0,9.0,2.0,0
1214,13.0,6.0,4.0,0
1215,9.0,8.0,5.0,0
1216,14.0,9.0,6.0,1
1217,8.0,10.0,4.0,0
1218,11.0,8.0,8.0,1
1219,7.0,8.0,3.0,0
1220,16.0,6.0,2.0,0
1221,6.0,6.0,7.0,0
1222,11.0,9.0,0.0,1
1223,12.0,8.0,5.0,1
1224,11.0,9.0,11.0,1
1225,9.0,7.0,5.0,0
1226,10.0,9.0,3.0,0
1227,10.0,10.0,5.0,0
1228,10.0,8.0,5.0,0
1229,13.0,8.0,5.0,0
1230,17.0,8.0,6.0,0
1231,8.0,6.0,3.0,1
1232,6.0,9.0,8.0,1
1233,10.0,7.0,5.0,0
1234,18.0,9.0,6.0,1
1235,8.0,6.0,4.0,1
1236,15.0,7.0,8.0,1
1237,15.0,9.0,4.0,0
1238,8.0,8.0,6.0,0
1239,12.0,9.0,3.0,0
1240,15.0,8.0,3.0,0
1241,9.0,6.0,6.0,1
1242,9.0,9.0,4.0,0
1243,8.0,7.0,3.0,0
1244,7.0,9.0,4.0,0
1245,8.0,8.0,6.0,1
1246,6.0,6.0,4.0,1
1247,10.0,8.0,5.0,1
1248,8.0,10.0,5.0,1
1249,11.0,8.0,1.0,1
1250,5.0,8.0,2.0,0
1251,11.0,9.0,6.0,1
1252,13.0,8.0,4.0,1
1253,4.0,8.0,7.0,0
1254,11.0,7.0,7.0,0
1255,14.0,8.0,6.0,0
1256,6.0,9.0,9.0,1
1257,15.0,7.0,5.0,0
1258,11.0,9.0,6.0,1
1259,8.0,8.0,4.0,0
1260,10.0,7.0,10.0,1
1261,12.0,9.0,9.0,1
1262,10.0,8.0,5.0,1
1263,12.0,9.0,6.0,1
1264,7.0,8.0,8.0,0
1265,11.0,8.0,5.0,0
1266,6.0,8.0,4.0,1
1267,10.0,8.0,7.0,0
1268,7.0,6.0,5.0,1
1269,8.0,7.0,5.0,0
1270,14.0,9.0,3.0,0
1271,13.0,8.0,2.0,1
1272,12.0,7.0,5.0,1
1273,7.0,7.0,7.0,0
1274,9.0,7.0,5.0,1
1275,14.0,6.0,8.0,0
1276,10.0,8.0,4.0,0
1277,17.0,7.0,3.0,0
1278,11.0,7.0,5.0,1
1279,11.0,8.0,5.0,1
1280,9.0,8.0,7.0,0
1281,10.0,10.0,3.0,1
1282,10.0,6.0,8.0,1
1283,12.0,9.0,9.0,0
1284,13.0,9.0,5.0,1
1285,8.0,7.0,7.0,1
1286,6.0,8.0,3.0,0
1287,4.0,8.0,7.0,1
1288,12.0,8.0,7.0,0
1289,7.0,10.0,7.0,1
1290,4.0,9.0,5.0,1
1291,11.0,9.0,-1.0,0
1292,17.0,8.0,4.0,0
1293,10.0,7.0,4.0,1
1294,13.0,8.0,3.0,0
1295,10.0,9.0,5.0,0
1296,10.0,6.0,4.0,1
1297,13.0,7.0,3.0,0
1298,9.0,8.0,3.0,1
1299,11.0,7.0,4.0,1
1300,11.0,7.0,7.0,0
1301,8.0,8.0,4.0,1
1302,13.0,7.0,4.0,0
1303,9.0,7.0,4.0,1
1304,8.0,9.0,6.0,0
1305,12.0,7.0,6.0,0
1306,7.0,6.0,-1.0,1
1307,10.0,7.0,7.0,0
1308,10.0,9.0,8.0,0
1309,13.0,8.0,3.0,0
1310,11.0,8.0,3.0,1
1311,10.0,8.0,4.0,1
1312,12.0,6.0,3.0,0
1313,14.0,8.0,5.0,0
1314,12.0,8.0,1.0,1
1315,10.0,8.0,3.0,1
1316,6.0,9.0,8.0,1
1317,7.0,7.0,3.0,0
1318,9.0,9.0,7.0,1
1319,8.0,8.0,6.0,0
1320,9.0,8.0,1.0,1
1321,10.0,8.0,6.0,0
1322,12.0,8.0,5.0,1
1323,10.0,9.0,4.0,0
1324,11.0,7.0,5.0,1
1325,10.0,7.0,6.0,1
1326,4.0,9.0,6.0,0
1327,7.0,7.0,7.0,1
1328,10.0,9.0,6.0,1
1329,6.0,10.0,2.0,1
1330,12.0,8.0,4.0,1
1331,15.0,9.0,11.0,0
1332,14.0,7.0,6.0,0
1333,9.0,9.0,10.0,1
1334,14.0,8.0,8.0,0
1335,10.0,8.0,5.0,0
1336,9.0,7.0,6.0,0
1337,8.0,6.0,5.0,0
1338,9.0,9.0,2.0,0
1339,9.0,6.0,5.0,1
1340,11.0,8.0,7.0,0
1341,10.0,9.0,4.0,1
1342,10.0,8.0,6.0,0
1343,11.0,10.0,7.0,1
1344,14.0,9.0,3.0,1
1345,13.0,7.0,4.0,1
1346,6.0,8.0,3.0,0
1347,2.0,8.0,3.0,0
1348,13.0,6.0,2.0,1
1349,6.0,7.0,3.0,1
1350,9.0,7.0,8.0,0
1351,6.0,6.0,3.0,0
1352,5.0,8.0,5.0,1
1353,12.0,8.0,4.0,0
1354,12.0,6.0,7.0,0
1355,8.0,8.0,8.0,0
1356,2.0,9.0,7.0,0
1357,8.0,8.0,6.0,0
1358,11.0,8.0,5.0,0
1359,6.0,9.0,3.0,1
1360,11.0,9.0,9.0,1
1361,10.0,8.0,3.0,1
1362,12.0,7.0,6.0,1
1363,10.0,8.0,7.0,1
1364,7.0,9.0,4.0,1
1365,14.0,7.0,7.0,0
1366,10.0,10.0,7.0,0
1367,10.0,7.0,8.0,1
1368,7.0,8.0,4.0,1
1369,9.0,7.0,2.0,1
1370,7.0,8.0,4.0,0
1371,9.0,6.0,5.0,0
1372,15.0,7.0,5.0,0
1373,6.0,7.0,4.0,0
1374,5.0,8.0,1.0,1
1375,14.0,9.0,6.0,1
1376,9.0,9.0,9.0,1
1377,8.0,6.0,6.0,1
1378,13.0,10.0,6.0,0
1379,8.0,8.0,6.0,0
1380,15.0,7.0,6.0,1
1381,12.0,8.0,7.0,0
1382,9.0,8.0,6.0,0
1383,16.0,7.0,4.0,0
1384,8.0,8.0,3.0,0
1385,12.0,7.0,5.0,1
1386,11.0,8.0,6.0,0
1387,14.0,7.0,4.0,1
1388,15.0,7.0,6.0,0
1389,10.0,8.0,6.0,0
1390,8.0,9.0,7.0,1
1391,11.0,9.0,8.0,1
1392,8.0,9.0,5.0,0
1393,16.0,8.0,2.0,0
1394,10.0,7.0,4.0,1
1395,9.0,9.0,5.0,0
1396,11.0,7.0,1.0,0
1397,6.0,7.0,8.0,1
1398,7.0,7.0,5.0,0
1399,14.0,9.0,6.0,0
1400,8.0,9.0,8.0,0
1401,7.0,8.0,4.0,0
1402,12.0,9.0,6.0,0
1403,14.0,7.0,5.0,1
1404,12.0,8.0,5.0,0
1405,13.0,8.0,3.0,1
1406,8.0,9.0,8.0,1
1407,6.0,8.0,4.0,0
1408,15.0,8.0,6.0,1
1409,9.0,9.0,1.0,0
1410,9.0,9.0,7.0,1
1411,14.0,7.0,7.0,1
1412,12.0,8.0,5.0,1
1413,11.0,7.0,5.0,0
1414,16.0,6.0,6.0,1
1415,8.0,8.0,10.0,1
1416,13.0,9.0,1.0,1
1417,10.0,8.0,7.0,0
1418,11.0,6.0,3.0,0
1419,15.0,8.0,5.0,1
1420,12.0,6.0,5.0,1
1421,12.0,9.0,4.0,1
1422,13.0,7.0,5.0,1
1423,9.0,9.0,3.0,0
1424,7.0,9.0,7.0,0
1425,7.0,7.0,1.0,0
1426,4.0,7.0,6.0,1
1427,16.0,8.0,4.0,0
1428,7.0,7.0,3.0,1
1429,9.0,8.0,5.0,1
1430,9.0,8.0,2.0,1
1431,11.0,6.0,5.0,0
1432,12.0,6.0,2.0,1
1433,13.0,8.0,6.0,0
1434,8.0,7.0,3.0,1
1435,9.0,7.0,4.0,0
1436,11.0,9.0,6.0,1
1437,9.0,9.0,3.0,0
1438,15.0,8.0,5.0,1
1439,11.0,8.0,2.0,0
1440,12.0,9.0,6.0,1
1441,12.0,7.0,9.0,1
1442,14.0,8.0,11.0,1
1443,11.0,9.0,5.0,0
1444,6.0,9.0,7.0,1
1445,11.0,6.0,1.0,1
1446,8.0,7.0,8.0,1
1447,8.0,7.0,7.0,0
1448,12.0,8.0,4.0,1
1449,14.0,8.0,7.0,1
1450,10.0,9.0,4.0,0
1451,11.0,8.0,4.0,1
1452,15.0,8.0,6.0,0
1453,11.0,9.0,3.0,1
1454,18.0,8.0,7.0,0
1455,12.0,9.0,3.0,0
1456,5.0,8.0,3.0,0
1457,12.0,7.0,3.0,1
1458,11.0,7.0,7.0,1
1459,14.0,6.0,4.0,0
1460,12.0,9.0,2.0,1
1461,10.0,9.0,4.0,1
1462,6.0,10.0,5.0,0
1463,9.0,9.0,3.0,0
1464,7.0,9.0,3.0,0
1465,8.0,7.0,9.0,0
1466,12.0,7.0,3.0,1
1467,15.0,9.0,4.0,1
1468,11.0,8.0,4.0,1
1469,6.0,8.0,4.0,1
1470,11.0,8.0,6.0,1
1471,14.0,8.0,7.0,1
1472,8.0,9.0,4.0,0
1473,10.0,9.0,3.0,1
1474,10.0,9.0,8.0,1
1475,8.0,9.0,5.0,1
1476,12.0,9.0,8.0,0
1477,10.0,8.0,1.0,0
1478,11.0,9.0,5.0,1
1479,7.0,7.0,9.0,0
1480,9.0,9.0,4.0,0
1481,12.0,7.0,5.0,1
1482,9.0,8.0,6.0,1
1483,15.0,7.0,4.0,1
1484,9.0,9.0,4.0,0
1485,11.0,8.0,4.0,0
1486,13.0,6.0,4.0,1
1487,6.0,8.0,7.0,0
1488,5.0,7.0,6.0,0
1489,5.0,9.0,6.0,0
1490,14.0,8.0,7.0,1
1491,8.0,8.0,4.0,1
1492,18.0,7.0,3.0,1
1493,8.0,7.0,4.0,1
1494,11.0,8.0,5.0,1
1495,15.0,9.0,3.0,0
1496,16.0,10.0,4.0,0
1497,16.0,7.0,4.0,0
1498,14.0,9.0,9.0,0
1499,13.0,6.0,-1.0,0
1500,12.0,7.0,5.0,0
1501,12.0,7.0,8.0,1
1502,8.0,7.0,5.0,1
1503,8.0,6.0,7.0,0
1504,10.0,8.0,5.0,1
1505,9.0,8.0,4.0,0
1506,9.0,8.0,1.0,0
1507,12.0,9.0,5.0,1
1508,13.0,8.0,3.0,1
1509,10.0,9.0,3.0,0
1510,14.0,8.0,4.0,1
1511,7.0,7.0,8.0,0
1512,9.0,9.0,10.0,0
1513,8.0,7.0,5.0,0
1514,4.0,7.0,4.0,0
1515,10.0,8.0,3.0,0
1516,10.0,7.0,6.0,1
1517,15.0,8.0,9.0,0
1518,12.0,8.0,5.0,1
1519,7.0,8.0,0.0,0
1520,16.0,7.0,6.0,1
1521,14.0,8.0,7.0,0
1522,12.0,9.0,2.0,1
1523,9.0,8.0,5.0,0
1524,7.0,10.0,6.0,0
1525,9.0,9.0,5.0,1
1526,13.0,9.0,3.0,1
1527,16.0,7.0,7.0,1
1528,15.0,9.0,4.0,1
1529,9.0,8.0,2.0,1
1530,7.0,7.0,1.0,1
1531,10.0,8.0,8.0,0
1532,5.0,9.0,6.0,0
1533,11.0,9.0,5.0,0
1534,10.0,7.0,4.0,1
1535,9.0,9.0,4.0,1
1536,5.0,7.0,3.0,1
1537,12.0,8.0,4.0,0
1538,8.0,8.0,1.0,1
1539,6.0,8.0,4.0,0
1540,1.0,9.0,4.0,1
1541,10.0,7.0,6.0,1
1542,15.0,10.0,5.0,1
1543,15.0,6.0,7.0,0
1544,9.0,7.0,8.0,1
1545,8.0,8.0,7.0,0
1546,11.0,9.0,6.0,1
1547,7.0,8.0,5.0,1
1548,11.0,8.0,3.0,1
1549,12.0,8.0,6.0,1
1550,14.0,8.0,8.0,0
1551,10.0,9.0,6.0,1
1552,9.0,9.0,9.0,0
1553,7.0,9.0,2.0,1
1554,8.0,7.0,3.0,1
1555,9.0,8.0,7.0,1
1556,11.0,8.0,6.0,0
1557,13.0,7.0,8.0,1
1558,8.0,8.0,5.0,0
1559,14.0,7.0,3.0,0
1560,9.0,9.0,5.0,1
1561,10.0,7.0,2.0,0
1562,8.0,10.0,3.0,1
1563,3.0,7.0,7.0,0
1564,13.0,8.0,7.0,0
1565,12.0,9.0,6.0,0
1566,9.0,7.0,2.0,0
1567,10.0,9.0,4.0,1
1568,12.0,7.0,3.0,0
1569,5.0,9.0,7.0,1
1570,8.0,8.0,4.0,0
1571,12.0,7.0,3.0,1
1572,6.0,8.0,5.0,1
1573,11.0,9.0,4.0,0
1574,6.0,7.0,8.0,0
1575,11.0,7.0,4.0,1
1576,10.0,8.0,2.0,0
1577,5.0,7.0,1.0,0
1578,13.0,10.0,5.0,0
1579,8.0,7.0,4.0,0
1580,8.0,9.0,2.0,0
1581,11.0,8.0,7.0,0
1582,13.0,7.0,6.0,0
1583,7.0,8.0,5.0,0
1584,10.0,9.0,8.0,0
1585,11.0,8.0,6.0,1
1586,12.0,9.0,3.0,0
1587,11.0,9.0,3.0,0
1588,9.0,9.0,7.0,0
1589,8.0,8.0,6.0,0
1590,10.0,7.0,5.0,0
1591,7.0,7.0,3.0,1
1592,1.0,8.0,6.0,1
1593,11.0,9.0,3.0,0
1594,13.0,6.0,5.0,1
1595,3.0,8.0,8.0,0
1596,7.0,8.0,4.0,0
1597,12.0,8.0,2.0,1
1598,16.0,9.0,3.0,1
1599,10.0,8.0,7.0,1
1600,8.0,9.0,6.0,1
1601,9.0,8.0,5.0,1
1602,14.0,9.0,4.0,0
1603,8.0,10.0,6.0,0
1604,8.0,9.0,3.0,0
1605,9.0,7.0,6.0,1
1606,7.0,8.0,4.0,0
1607,10.0,8.0,3.0,1
1608,15.0,8.0,4.0,0
1609,11.0,9.0,4.0,1
1610,9.0,7.0,5.0,1
1611,9.0,8.0,5.0,0
1612,5.0,6.0,-2.0,0
1613,13.0,9.0,3.0,0
1614,10.0,7.0,4.0,0
1615,9.0,8.0,8.0,1
1616,20.0,8.0,3.0,0
1617,11.0,9.0,5.0,1
1618,8.0,5.0,8.0,0
1619,9.0,8.0,2.0,0
1620,13.0,8.0,6.0,0
1621,10.0,8.0,3.0,0
1622,6.0,10.0,4.0,0
1623,13.0,7.0,3.0,1
1624,8.0,9.0,4.0,0
1625,16.0,8.0,10.0,1
1626,13.0,9.0,7.0,0
1627,9.0,7.0,7.0,1
1628,14.0,7.0,6.0,0
1629,10.0,9.0,2.0,0
1630,13.0,8.0,6.0,0
1631,11.0,6.0,7.0,1
1632,7.0,7.0,3.0,1
1633,8.0,8.0,7.0,0
1634,13.0,9.0,6.0,0
1635,9.0,7.0,9.0,0
1636,9.0,5.0,4.0,1
1637,7.0,9.0,3.0,0
1638,11.0,7.0,4.0,1
1639,16.0,6.0,8.0,0
1640,7.0,5.0,1.0,1
1641,10.0,9.0,1.0,1
1642,14.0,8.0,5.0,1
1643,10.0,8.0,4.0,0
1644,11.0,9.0,5.0,1
1645,7.0,9.0,7.0,0
1646,11.0,10.0,4.0,1
1647,9.0,7.0,1.0,0
1648,13.0,8.0,9.0,1
1649,14.0,6.0,3.0,1
1650,18.0,8.0,3.0,0
1651,12.0,8.0,7.0,0
1652,11.0,9.0,4.0,1
1653,11.0,8.0,5.0,1
1654,9.0,9.0,6.0,0
1655,11.0,9.0,7.0,1
1656,9.0,10.0,4.0,1
1657,11.0,8.0,8.0,0
1658,14.0,7.0,1.0,0
1659,7.0,8.0,7.0,0
1660,13.0,7.0,3.0,1
1661,14.0,9.0,8.0,1
1662,10.0,8.0,5.0,1
1663,4.0,7.0,4.0,0
1664,8.0,8.0,6.0,1
1665,14.0,9.0,7.0,0
1666,10.0,8.0,6.0,0
1667,7.0,7.0,3.0,1
1668,8.0,10.0,4.0,0
1669,13.0,7.0,5.0,1
1670,12.0,8.0,5.0,0
1671,9.0,9.0,6.0,0
1672,9.0,6.0,1.0,0
1673,9.0,8.0,6.0,1
1674,7.0,7.0,4.0,0
1675,15.0,9.0,3.0,1
1676,9.0,7.0,4.0,0
1677,14.0,9.0,5.0,0
1678,15.0,9.0,-2.0,0
1679,13.0,9.0,4.0,1
1680,9.0,8.0,3.0,1
1681,11.0,8.0,6.0,1
1682,10.0,7.0,3.0,1
1683,7.0,9.0,5.0,1
1684,11.0,7.0,8.0,0
1685,6.0,7.0,7.0,0
1686,14.0,9.0,7.0,1
1687,9.0,7.0,4.0,1
1688,11.0,7.0,6.0,1
1689,11.0,7.0,5.0,1
1690,9.0,8.0,5.0,0
1691,12.0,8.0,6.0,1
1692,9.0,8.0,4.0,1
1693,13.0,9.0,8.0,1
1694,6.0,9.0,5.0,1
1695,10.0,8.0,6.0,0
1696,16.0,8.0,8.0,0
1697,7.0,9.0,7.0,1
1698,8.0,9.0,2.0,0
1699,12.0,8.0,6.0,0
1700,11.0,8.0,7.0,1
1701,11.0,7.0,7.0,1
1702,11.0,7.0,3.0,0
1703,12.0,9.0,4.0,0
1704,13.0,9.0,7.0,0
1705,11.0,9.0,3.0,0
1706,9.0,8.0,4.0,0
1707,12.0,9.0,8.0,1
1708,16.0,8.0,5.0,0
1709,10.0,9.0,4.0,0
1710,7.0,8.0,3.0,0
1711,13.0,7.0,6.0,0
1712,10.0,9.0,2.0,0
1713,3.0,8.0,5.0,0
1714,13.0,8.0,6.0,0
1715,8.0,8.0,8.0,0
1716,10.0,8.0,6.0,1
1717,11.0,10.0,4.0,1
1718,11.0,9.0,7.0,0
1719,12.0,9.0,4.0,1
1720,9.0,8.0,3.0,1
1721,12.0,9.0,5.0,1
1722,9.0,9.0,8.0,1
1723,12.0,8.0,5.0,1
1724,12.0,8.0,5.0,1
1725,7.0,8.0,8.0,0
1726,13.0,5.0,2.0,0
1727,8.0,8.0,2.0,1
1728,12.0,8.0,2.0,0
1729,11.0,10.0,6.0,1
1730,16.0,8.0,5.0,0
1731,9.0,7.0,8.0,0
1732,9.0,8.0,5.0,0
1733,10.0,7.0,4.0,1
1734,9.0,8.0,5.0,0
1735,12.0,8.0,5.0,0
1736,5.0,9.0,2.0,1
1737,7.0,7.0,10.0,1
1738,7.0,8.0,6.0,0
1739,13.0,7.0,5.0,1
1740,15.0,9.0,6.0,0
1741,10.0,9.0,6.0,0
1742,9.0,8.0,5.0,1
1743,10.0,8.0,4.0,1
1744,13.0,8.0,6.0,0
1745,7.0,10.0,6.0,1
1746,11.0,8.0,3.0,0
1747,13.0,8.0,8.0,1
1748,12.0,7.0,6.0,1
1749,11.0,7.0,6.0,1
1750,13.0,8.0,8.0,1
1751,2.0,9.0,5.0,1
1752,12.0,8.0,6.0,0
1753,8.0,8.0,7.0,0
1754,5.0,8.0,4.0,0
1755,12.0,7.0,5.0,1
1756,14.0,8.0,5.0,0
1757,10.0,7.0,3.0,0
1758,13.0,9.0,10.0,1
1759,15.0,7.0,2.0,1
1760,14.0,9.0,2.0,1
1761,15.0,7.0,8.0,0
1762,12.0,9.0,6.0,0
1763,10.0,9.0,3.0,1
1764,5.0,8.0,6.0,0
1765,9.0,7.0,8.0,0
1766,7.0,8.0,5.0,1
1767,17.0,7.0,10.0,0
1768,9.0,8.0,2.0,1
1769,10.0,9.0,6.0,0
1770,12.0,9.0,7.0,1
1771,10.0,8.0,7.0,0
1772,15.0,7.0,5.0,0
1773,8.0,9.0,4.0,1
1774,11.0,8.0,6.0,1
1775,8.0,6.0,7.0,1
1776,6.0,9.0,6.0,1
1777,8.0,8.0,7.0,0
1778,10.0,9.0,3.0,1
1779,9.0,7.0,5.0,1
1780,8.0,5.0,3.0,1
1781,6.0,8.0,4.0,1
1782,10.0,8.0,7.0,1
1783,5.0,6.0,5.0,0
1784,12.0,7.0,10.0,1
1785,10.0,11.0,5.0,1
1786,6.0,8.0,5.0,1
1787,9.0,9.0,5.0,0
1788,8.0,7.0,4.0,0
1789,11.0,6.0,5.0,0
1790,14.0,8.0,7.0,1
1791,4.0,8.0,5.0,1
1792,10.0,8.0,3.0,0
1793,10.0,8.0,3.0,0
1794,12.0,8.0,4.0,1
1795,11.0,8.0,5.0,1
1796,8.0,7.0,7.0,1
1797,9.0,8.0,2.0,0
1798,8.0,6.0,4.0,1
1799,13.0,6.0,5.0,1
1800,10.0,9.0,1.0,0
1801,16.0,9.0,3.0,0
1802,10.0,8.0,4.0,0
1803,8.0,7.0,3.0,1
1804,5.0,7.0,5.0,0
1805,5.0,8.0,5.0,0
1806,5.0,6.0,4.0,1
1807,11.0,7.0,6.0,1
1808,12.0,9.0,8.0,0
1809,5.0,9.0,8.0,1
1810,13.0,8.0,1.0,0
1811,9.0,9.0,6.0,1
1812,10.0,6.0,5.0,1
1813,15.0,9.0,5.0,0
1814,13.0,7.0,4.0,0
1815,9.0,8.0,5.0,0
1816,7.0,8.0,5.0,1
1817,4.0,9.0,4.0,0
1818,8.0,7.0,3.0,1
1819,9.0,9.0,4.0,1
1820,7.0,8.0,5.0,0
1821,10.0,8.0,6.0,1
1822,10.0,8.0,7.0,1
1823,9.0,7.0,4.0,0
1824,8.0,8.0,6.0,1
1825,11.0,8.0,7.0,1
1826,11.0,8.0,7.0,0
1827,7.0,8.0,5.0,0
1828,14.0,9.0,5.0,1
1829,10.0,9.0,5.0,1
1830,10.0,7.0,3.0,1
1831,12.0,9.0,5.0,1
1832,11.0,7.0,6.0,0
1833,13.0,9.0,6.0,1
1834,11.0,9.0,4.0,1
1835,8.0,6.0,5.0,1
1836,11.0,8.0,3.0,1
1837,7.0,8.0,6.0,0
1838,10.0,7.0,5.0,1
1839,10.0,9.0,4.0,0
1840,9.0,7.0,4.0,0
1841,10.0,7.0,5.0,0
1842,4.0,8.0,4.0,0
1843,8.0,9.0,6.0,0
1844,10.0,8.0,4.0,1
1845,10.0,9.0,8.0,0
1846,7.0,9.0,8.0,0
1847,14.0,6.0,3.0,0
1848,7.0,7.0,5.0,1
1849,13.0,7.0,4.0,0
1850,11.0,8.0,4.0,1
1851,8.0,5.0,9.0,0
1852,15.0,11.0,4.0,0
1853,6.0,9.0,6.0,1
1854,13.0,8.0,6.0,1
1855,13.0,9.0,3.0,1
1856,8.0,10.0,3.0,0
1857,14.0,9.0,3.0,1
1858,9.0,9.0,3.0,1
1859,11.0,8.0,-1.0,1
1860,11.0,8.0,6.0,1
1861,10.0,8.0,9.0,1
1862,12.0,7.0,5.0,0
1863,12.0,7.0,2.0,1
1864,5.0,7.0,4.0,0
1865,14.0,8.0,4.0,1
1866,5.0,6.0,3.0,1
1867,13.0,8.0,7.0,0
1868,13.0,8.0,7.0,0
1869,7.0,8.0,3.0,0
1870,9.0,7.0,6.0,0
1871,7.0,11.0,8.0,1
1872,9.0,9.0,9.0,0
1873,9.0,7.0,11.0,1
1874,12.0,8.0,3.0,1
1875,14.0,7.0,11.0,1
1876,14.0,7.0,4.0,0
1877,8.0,7.0,4.0,0
1878,9.0,8.0,6.0,0
1879,5.0,7.0,4.0,1
1880,8.0,9.0,6.0,0
1881,13.0,9.0,2.0,0
1882,15.0,9.0,5.0,1
1883,6.0,7.0,8.0,0
1884,8.0,8.0,5.0,1
1885,10.0,9.0,5.0,0
1886,11.0,8.0,6.0,0
1887,8.0,7.0,7.0,0
1888,11.0,10.0,2.0,0
1889,9.0,8.0,6.0,0
1890,10.0,9.0,4.0,1
1891,12.0,7.0,5.0,0
1892,10.0,7.0,7.0,0
1893,9.0,7.0,3.0,0
1894,10.0,8.0,3.0,0
1895,10.0,7.0,1.0,0
1896,9.0,8.0,4.0,0
1897,9.0,6.0,8.0,0
1898,15.0,7.0,5.0,1
1899,12.0,9.0,2.0,1
1900,9.0,9.0,4.0,0
1901,12.0,8.0,2.0,1
1902,9.0,7.0,3.0,0
1903,14.0,7.0,6.0,1
1904,11.0,8.0,3.0,0
1905,10.0,9.0,7.0,0
1906,11.0,9.0,5.0,1
1907,5.0,8.0,5.0,0
1908,7.0,7.0,4.0,1
1909,6.0,8.0,7.0,0
1910,10.0,7.0,7.0,0
1911,15.0,7.0,6.0,0
1912,17.0,9.0,6.0,0
1913,12.0,9.0,5.0,1
1914,12.0,8.0,6.0,0
1915,5.0,7.0,4.0,1
1916,8.0,8.0,5.0,1
1917,8.0,9.0,4.0,0
1918,8.0,8.0,4.0,0
1919,9.0,9.0,4.0,1
1920,9.0,9.0,6.0,1
1921,4.0,10.0,8.0,0
1922,12.0,8.0,7.0,1
1923,7.0,9.0,2.0,1
1924,11.0,9.0,8.0,1
1925,16.0,8.0,4.0,0
1926,7.0,7.0,6.0,1
1927,2.0,8.0,3.0,1
1928,9.0,8.0,5.0,1
1929,13.0,7.0,6.0,1
1930,16.0,8.0,2.0,0
1931,6.0,9.0,6.0,0
1932,11.0,6.0,8.0,1
1933,9.0,10.0,5.0,1
1934,10.0,9.0,8.0,1
1935,18.0,8.0,5.0,0
1936,5.0,9.0,7.0,0
1937,11.0,8.0,1.0,1
1938,11.0,9.0,10.0,1
1939,13.0,9.0,8.0,0
1940,10.0,7.0,4.0,1
1941,11.0,9.0,1.0,1
1942,9.0,8.0,6.0,0
1943,11.0,8.0,2.0,0
1944,9.0,7.0,6.0,0
1945,12.0,10.0,6.0,0
1946,9.0,9.0,3.0,0
1947,11.0,7.0,7.0,1
1948,10.0,7.0,7.0,0
1949,13.0,8.0,7.0,0
1950,10.0,8.0,5.0,0
1951,5.0,8.0,2.0,0
1952,14.0,9.0,7.0,0
1953,7.0,9.0,4.0,0
1954,8.0,9.0,2.0,1
1955,8.0,8.0,8.0,0
1956,14.0,7.0,9.0,1
1957,4.0,8.0,5.0,1
1958,19.0,9.0,9.0,0
1959,13.0,8.0,5.0,0
1960,11.0,9.0,4.0,1
1961,10.0,8.0,4.0,1
1962,11.0,7.0,8.0,1
1963,12.0,8.0,3.0,0
1964,12.0,8.0,6.0,1
1965,12.0,7.0,4.0,0
1966,10.0,8.0,4.0,0
1967,9.0,7.0,7.0,1
1968,10.0,9.0,4.0,0
1969,9.0,8.0,4.0,0
1970,13.0,9.0,7.0,1
1971,12.0,10.0,8.0,1
1972,1.0,8.0,6.0,0
1973,12.0,7.0,4.0,1
1974,11.0,6.0,4.0,0
1975,10.0,7.0,5.0,1
1976,9.0,7.0,6.0,1
1977,13.0,9.0,3.0,1
1978,13.0,8.0,6.0,1
1979,8.0,8.0,5.0,0
1980,11.0,6.0,2.0,1
1981,7.0,7.0,3.0,0
1982,6.0,9.0,4.0,0
1983,8.0,8.0,5.0,1
1984,13.0,8.0,9.0,1
1985,13.0,9.0,5.0,1
1986,12.0,10.0,3.0,1
1987,12.0,8.0,5.0,1
1988,12.0,8.0,4.0,0
1989,8.0,8.0,6.0,1
1990,11.0,10.0,6.0,0
1991,12.0,6.0,7.0,0
1992,12.0,9.0,5.0,0
1993,14.0,8.0,8.0,0
1994,12.0,9.0,7.0,1
1995,11.0,7.0,4.0,1
1996,13.0,8.0,9.0,0
1997,10.0,9.0,6.0,0
1998,7.0,11.0,3.0,1
1999,10.0,9.0,8.0,0
2000,8.0,7.0,9.0,1
2001,8.0,8.0,5.0,0
2002,10.0,8.0,4.0,1
2003,8.0,6.0,5.0,0
2004,9.0,8.0,6.0,0
2005,4.0,9.0,8.0,0
2006,11.0,7.0,6.0,1
2007,10.0,9.0,5.0,1
2008,8.0,8.0,8.0,1
2009,12.0,7.0,4.0,0
2010,13.0,8.0,7.0,0
2011,5.0,10.0,4.0,0
2012,8.0,9.0,6.0,0
2013,8.0,8.0,5.0,0
2014,7.0,8.0,5.0,0
2015,12.0,8.0,4.0,1
2016,9.0,7.0,8.0,1
2017,9.0,6.0,4.0,1
2018,4.0,10.0,4.0,0
2019,12.0,8.0,9.0,1
2020,6.0,8.0,7.0,0
2021,10.0,8.0,0.0,0
2022,11.0,7.0,4.0,1
2023,14.0,8.0,1.0,0
2024,6.0,6.0,3.0,0
2025,1.0,10.0,-1.0,0
2026,11.0,7.0,5.0,0
2027,15.0,7.0,3.0,0
2028,14.0,8.0,5.0,1
2029,11.0,9.0,2.0,1
2030,9.0,8.0,5.0,0
2031,12.0,7.0,4.0,0
2032,7.0,9.0,8.0,1
2033,11.0,9.0,8.0,1
2034,12.0,9.0,7.0,1
2035,13.0,9.0,4.0,0
2036,18.0,10.0,9.0,1
2037,11.0,10.0,2.0,1
2038,8.0,7.0,2.0,0
2039,10.0,10.0,5.0,0
2040,5.0,8.0,10.0,1
2041,8.0,8.0,5.0,0
2042,9.0,6.0,5.0,1
2043,8.0,8.0,2.0,1
2044,10.0,7.0,7.0,0
2045,8.0,9.0,7.0,0
2046,13.0,9.0,7.0,1
2047,10.0,6.0,4.0,0
2048,10.0,8.0,4.0,0
2049,9.0,9.0,2.0,0
2050,10.0,8.0,5.0,0
2051,12.0,9.0,3.0,0
2052,7.0,8.0,3.0,0
2053,8.0,8.0,4.0,0
2054,9.0,8.0,4.0,1
2055,6.0,7.0,4.0,0
2056,8.0,7.0,6.0,1
2057,9.0,9.0,5.0,0
2058,13.0,8.0,4.0,1
2059,11.0,8.0,5.0,0
2060,11.0,8.0,3.0,1
2061,13.0,8.0,5.0,0
2062,10.0,9.0,5.0,1
2063,11.0,8.0,2.0,0
2064,10.0,7.0,7.0,0
2065,11.0,9.0,3.0,1
2066,8.0,8.0,5.0,1
2067,3.0,8.0,7.0,0
2068,10.0,10.0,7.0,1
2069,14.0,8.0,5.0,1
2070,13.0,8.0,4.0,0
2071,13.0,7.0,7.0,1
2072,14.0,8.0,6.0,0
2073,10.0,9.0,4.0,1
2074,11.0,6.0,3.0,0
2075,8.0,8.0,1.0,1
2076,9.0,8.0,5.0,0
2077,12.0,8.0,5.0,0
2078,14.0,9.0,7.0,1
2079,10.0,8.0,6.0,1
2080,9.0,9.0,8.0,0
2081,10.0,7.0,4.0,0
2082,12.0,8.0,7.0,1
2083,6.0,8.0,4.0,1
2084,3.0,7.0,7.0,1
2085,8.0,9.0,2.0,1
2086,6.0,10.0,5.0,1
2087,8.0,8.0,1.0,1
2088,10.0,9.0,4.0,0
2089,9.0,8.0,6.0,1
2090,14.0,7.0,4.0,1
2091,11.0,6.0,3.0,1
2092,11.0,7.0,7.0,1
2093,12.0,7.0,5.0,0
2094,7.0,10.0,4.0,0
2095,13.0,8.0,5.0,0
2096,10.0,8.0,10.0,0
2097,12.0,9.0,7.0,1
2098,7.0,7.0,7.0,0
2099,5.0,7.0,6.0,1
2100,12.0,8.0,5.0,1
2101,11.0,9.0,0.0,0
2102,7.0,9.0,4.0,0
2103,7.0,8.0,4.0,1
2104,13.0,8.0,1.0,0
2105,6.0,8.0,3.0,0
2106,15.0,8.0,1.0,1
2107,7.0,7.0,5.0,1
2108,12.0,8.0,7.0,1
2109,9.0,7.0,7.0,1
2110,12.0,8.0,6.0,1
2111,8.0,8.0,3.0,0
2112,10.0,11.0,1.0,1
2113,10.0,8.0,1.0,1
2114,7.0,7.0,2.0,1
2115,12.0,8.0,3.0,0
2116,8.0,9.0,5.0,1
2117,9.0,10.0,3.0,1
2118,7.0,7.0,6.0,0
2119,2.0,6.0,5.0,1
2120,9.0,9.0,5.0,1
2121,17.0,7.0,7.0,1
2122,12.0,8.0,3.0,0
2123,10.0,8.0,6.0,0
2124,9.0,8.0,5.0,1
2125,10.0,9.0,4.0,1
2126,12.0,7.0,7.0,1
2127,6.0,8.0,7.0,0
2128,13.0,8.0,3.0,0
2129,12.0,8.0,5.0,0
2130,12.0,8.0,6.0,0
2131,11.0,8.0,4.0,0
2132,10.0,9.0,6.0,0
2133,12.0,8.0,6.0,1
2134,12.0,8.0,9.0,0
2135,9.0,6.0,2.0,1
2136,8.0,8.0,5.0,0
2137,10.0,8.0,3.0,1
2138,15.0,9.0,6.0,0
2139,6.0,7.0,2.0,1
2140,6.0,7.0,6.0,1
2141,10.0,7.0,4.0,1
2142,10.0,9.0,4.0,0
2143,11.0,9.0,2.0,0
2144,11.0,8.0,4.0,0
2145,9.0,9.0,7.0,1
2146,14.0,8.0,5.0,1
2147,5.0,8.0,6.0,1
2148,8.0,8.0,8.0,0
2149,10.0,9.0,6.0,0
2150,5.0,8.0,4.0,1
2151,9.0,10.0,6.0,0
2152,15.0,7.0,4.0,0
2153,10.0,9.0,4.0,0
2154,11.0,7.0,2.0,0
2155,6.0,7.0,7.0,1
2156,8.0,8.0,4.0,0
2157,9.0,8.0,5.0,0
2158,9.0,11.0,3.0,1
2159,14.0,8.0,6.0,1
2160,12.0,7.0,3.0,0
2161,7.0,8.0,5.0,0
2162,11.0,6.0,7.0,0
2163,11.0,8.0,7.0,0
2164,13.0,8.0,5.0,1
2165,15.0,9.0,1.0,1
2166,7.0,9.0,11.0,1
2167,8.0,7.0,8.0,0
2168,6.0,8.0,6.0,0
2169,9.0,7.0,3.0,1
2170,11.0,7.0,5.0,0
2171,13.0,8.0,4.0,1
2172,10.0,7.0,8.0,1
2173,9.0,8.0,6.0,1
2174,10.0,7.0,3.0,1
2175,7.0,9.0,4.0,1
2176,16.0,10.0,7.0,1
2177,5.0,7.0,8.0,1
2178,11.0,6.0,8.0,0
2179,16.0,8.0,7.0,1
2180,10.0,8.0,4.0,1
2181,9.0,8.0,-1.0,0
2182,9.0,8.0,6.0,1
2183,9.0,8.0,5.0,0
2184,14.0,8.0,5.0,1
2185,3.0,9.0,5.0,0
2186,15.0,6.0,2.0,0
2187,6.0,8.0,6.0,0
2188,9.0,8.0,6.0,1
2189,9.0,7.0,6.0,0
2190,12.0,10.0,7.0,1
2191,5.0,7.0,6.0,1
2192,11.0,8.0,4.0,1
2193,16.0,9.0,5.0,1
2194,6.0,7.0,5.0,1
2195,11.0,6.0,5.0,1
2196,8.0,8.0,7.0,1
2197,11.0,9.0,6.0,0
2198,10.0,8.0,9.0,1
2199,8.0,7.0,9.0,1
2200,11.0,9.0,5.0,0
2201,15.0,8.0,-3.0,1
2202,9.0,7.0,7.0,0
2203,12.0,8.0,4.0,0
2204,6.0,9.0,3.0,1
2205,7.0,10.0,4.0,1
2206,11.0,9.0,4.0,0
2207,14.0,9.0,6.0,1
2208,11.0,7.0,2.0,0
2209,9.0,7.0,3.0,0
2210,10.0,8.0,6.0,1
2211,6.0,8.0,6.0,0
2212,12.0,7.0,6.0,1
2213,13.0,8.0,3.0,1
2214,9.0,8.0,3.0,0
2215,9.0,8.0,4.0,0
2216,11.0,9.0,5.0,1
2217,9.0,8.0,8.0,1
2218,10.0,7.0,1.0,1
2219,16.0,7.0,5.0,0
2220,9.0,7.0,2.0,1
2221,9.0,10.0,2.0,0
2222,8.0,8.0,7.0,0
2223,12.0,8.0,6.0,0
2224,9.0,7.0,6.0,1
2225,8.0,11.0,7.0,0
2226,14.0,7.0,4.0,1
2227,14.0,8.0,4.0,0
2228,8.0,8.0,9.0,1
2229,4.0,9.0,5.0,1
2230,13.0,9.0,6.0,0
2231,8.0,10.0,5.0,1
2232,12.0,9.0,1.0,0
2233,4.0,7.0,1.0,0
2234,13.0,8.0,4.0,0
2235,6.0,8.0,7.0,0
2236,12.0,10.0,7.0,0
2237,10.0,7.0,7.0,0
2238,7.0,9.0,3.0,0
2239,9.0,8.0,8.0,1
2240,12.0,9.0,3.0,0
2241,10.0,8.0,5.0,0
2242,12.0,7.0,5.0,1
2243,16.0,9.0,5.0,1
2244,5.0,9.0,8.0,0
2245,15.0,9.0,4.0,0
2246,10.0,8.0,2.0,0
2247,7.0,7.0,5.0,1
2248,6.0,6.0,4.0,0
2249,9.0,9.0,12.0,1
2250,13.0,8.0,6.0,0
2251,10.0,7.0,4.0,0
2252,15.0,7.0,3.0,1
2253,6.0,8.0,1.0,0
2254,10.0,7.0,3.0,0
2255,6.0,7.0,5.0,0
2256,11.0,7.0,8.0,1
2257,13.0,8.0,7.0,0
2258,9.0,7.0,5.0,0
2259,2.0,6.0,4.0,1
2260,11.0,10.0,6.0,1
2261,11.0,9.0,4.0,0
2262,11.0,7.0,8.0,0
2263,14.0,8.0,5.0,1
2264,7.0,8.0,5.0,0
2265,12.0,9.0,1.0,0
2266,14.0,7.0,5.0,1
2267,5.0,9.0,7.0,0
2268,11.0,7.0,3.0,0
2269,8.0,7.0,3.0,1
2270,10.0,9.0,7.0,0
2271,11.0,9.0,2.0,0
2272,9.0,11.0,7.0,0
2273,8.0,7.0,4.0,1
2274,10.0,9.0,4.0,0
2275,7.0,8.0,3.0,1
2276,7.0,9.0,6.0,1
2277,12.0,7.0,10.0,0
2278,7.0,7.0,7.0,1
2279,12.0,7.0,3.0,0
2280,11.0,8.0,7.0,0
2281,5.0,7.0,4.0,0
2282,8.0,9.0,8.0,1
2283,14.0,9.0,7.0,0
2284,7.0,9.0,-1.0,0
2285,9.0,10.0,3.0,0
2286,11.0,8.0,7.0,1
2287,12.0,7.0,5.0,1
2288,9.0,9.0,3.0,0
2289,8.0,7.0,4.0,0
2290,14.0,9.0,1.0,0
2291,15.0,10.0,5.0,0
2292,13.0,8.0,9.0,1
2293,10.0,7.0,7.0,1
2294,8.0,7.0,9.0,1
2295,8.0,9.0,7.0,1
2296,12.0,8.0,7.0,1
2297,11.0,8.0,9.0,1
2298,14.0,9.0,6.0,1
2299,12.0,9.0,5.0,0
2300,5.0,8.0,7.0,0
2301,13.0,8.0,8.0,0
2302,7.0,8.0,4.0,0
2303,9.0,9.0,4.0,0
2304,11.0,9.0,5.0,0
2305,16.0,8.0,7.0,1
2306,19.0,9.0,7.0,0
2307,12.0,8.0,2.0,1
2308,9.0,7.0,9.0,0
2309,12.0,7.0,4.0,1
2310,13.0,7.0,4.0,1
2311,9.0,8.0,3.0,0
2312,15.0,9.0,10.0,0
2313,11.0,7.0,5.0,0
2314,11.0,8.0,3.0,0
2315,12.0,7.0,7.0,0
2316,11.0,8.0,7.0,1
2317,13.0,6.0,5.0,0
2318,8.0,8.0,7.0,1
2319,8.0,8.0,3.0,1
2320,7.0,9.0,4.0,1
2321,11.0,8.0,1.0,0
2322,12.0,7.0,2.0,0
2323,11.0,9.0,9.0,0
2324,15.0,8.0,8.0,0
2325,10.0,8.0,5.0,0
2326,12.0,8.0,8.0,0
2327,7.0,7.0,5.0,1
2328,9.0,8.0,5.0,0
2329,12.0,8.0,5.0,1
2330,13.0,6.0,5.0,1
2331,9.0,7.0,5.0,0
2332,10.0,8.0,7.0,0
2333,5.0,8.0,5.0,0
2334,9.0,9.0,6.0,0
2335,13.0,7.0,7.0,0
2336,12.0,8.0,6.0,0
2337,12.0,7.0,3.0,1
2338,10.0,7.0,2.0,1
2339,10.0,8.0,5.0,1
2340,8.0,9.0,5.0,1
2341,12.0,7.0,5.0,1
2342,11.0,8.0,5.0,1
2343,11.0,6.0,10.0,0
2344,8.0,7.0,2.0,0
2345,4.0,8.0,1.0,0
2346,13.0,10.0,6.0,1
2347,9.0,8.0,4.0,1
2348,7.0,6.0,6.0,1
2349,12.0,6.0,6.0,0
2350,9.0,8.0,8.0,0
2351,13.0,9.0,2.0,0
2352,12.0,8.0,4.0,1
2353,12.0,8.0,6.0,1
2354,6.0,9.0,7.0,1
2355,14.0,7.0,9.0,0
2356,11.0,9.0,7.0,1
2357,9.0,6.0,5.0,0
2358,10.0,7.0,3.0,0
2359,5.0,6.0,4.0,0
2360,11.0,8.0,4.0,0
2361,7.0,8.0,6.0,0
2362,6.0,8.0,6.0,0
2363,5.0,8.0,2.0,0
2364,13.0,7.0,4.0,1
2365,8.0,8.0,7.0,0
2366,15.0,7.0,6.0,1
2367,8.0,9.0,6.0,0
2368,5.0,8.0,6.0,0
2369,7.0,8.0,8.0,0
2370,14.0,10.0,5.0,1
2371,10.0,7.0,4.0,0
2372,8.0,7.0,3.0,0
2373,10.0,7.0,5.0,1
2374,12.0,8.0,0.0,1
2375,13.0,8.0,5.0,1
2376,14.0,9.0,5.0,1
2377,9.0,11.0,2.0,0
2378,6.0,6.0,3.0,0
2379,9.0,9.0,7.0,1
2380,11.0,7.0,5.0,0
2381,7.0,7.0,5.0,1
2382,7.0,7.0,6.0,1
2383,11.0,7.0,5.0,1
2384,10.0,10.0,7.0,0
2385,10.0,9.0,5.0,1
2386,8.0,8.0,2.0,0
2387,9.0,9.0,8.0,0
2388,7.0,6.0,6.0,0
2389,13.0,7.0,4.0,1
2390,13.0,6.0,2.0,0
2391,4.0,7.0,6.0,1
2392,7.0,8.0,5.0,0
2393,6.0,8.0,8.0,0
2394,8.0,8.0,4.0,0
2395,10.0,7.0,3.0,1
2396,6.0,9.0,7.0,1
2397,7.0,8.0,7.0,1
2398,7.0,9.0,5.0,1
2399,11.0,6.0,6.0,0
2400,10.0,8.0,5.0,0
2401,8.0,7.0,5.0,1
2402,11.0,8.0,7.0,1
2403,8.0,9.0,6.0,1
2404,9.0,8.0,5.0,1
2405,15.0,7.0,8.0,0
2406,14.0,8.0,0.0,1
2407,6.0,6.0,9.0,1
2408,12.0,9.0,2.0,0
2409,12.0,8.0,4.0,1
2410,7.0,9.0,5.0,0
2411,12.0,7.0,5.0,1
2412,15.0,7.0,7.0,0
2413,7.0,7.0,3.0,1
2414,7.0,9.0,6.0,1
2415,13.0,7.0,4.0,1
2416,11.0,9.0,6.0,1
2417,12.0,8.0,5.0,1
2418,11.0,6.0,5.0,0
2419,11.0,7.0,4.0,1
2420,6.0,7.0,4.0,0
2421,13.0,8.0,6.0,0
2422,14.0,7.0,7.0,0
2423,9.0,9.0,4.0,0
2424,10.0,8.0,3.0,1
2425,5.0,8.0,6.0,1
2426,12.0,9.0,5.0,1
2427,12.0,9.0,7.0,1
2428,10.0,8.0,3.0,0
2429,13.0,7.0,1.0,0
2430,9.0,6.0,4.0,0
2431,12.0,7.0,3.0,1
2432,7.0,7.0,5.0,1
2433,10.0,8.0,4.0,1
2434,9.0,8.0,6.0,1
2435,11.0,9.0,4.0,0
2436,9.0,7.0,5.0,1
2437,10.0,8.0,5.0,1
2438,12.0,9.0,5.0,0
2439,9.0,8.0,5.0,0
2440,5.0,8.0,6.0,1
2441,15.0,7.0,3.0,1
2442,14.0,7.0,8.0,0
2443,6.0,7.0,5.0,1
2444,12.0,7.0,2.0,0
2445,8.0,9.0,5.0,0
2446,11.0,8.0,3.0,1
2447,11.0,7.0,6.0,0
2448,9.0,10.0,9.0,1
2449,8.0,8.0,3.0,1
2450,8.0,7.0,6.0,1
2451,7.0,8.0,1.0,1
2452,8.0,8.0,6.0,0
2453,10.0,10.0,3.0,1
2454,8.0,7.0,4.0,1
2455,12.0,9.0,3.0,0
2456,14.0,9.0,6.0,1
2457,8.0,7.0,7.0,1
2458,11.0,8.0,5.0,1
2459,11.0,7.0,3.0,1
2460,11.0,8.0,8.0,0
2461,10.0,8.0,3.0,0
2462,12.0,9.0,1.0,1
2463,11.0,9.0,6.0,0
2464,6.0,7.0,3.0,0
2465,13.0,6.0,7.0,0
2466,13.0,8.0,4.0,0
2467,8.0,8.0,6.0,1
2468,10.0,8.0,8.0,0
2469,12.0,8.0,3.0,1
2470,9.0,8.0,4.0,1
2471,13.0,10.0,5.0,0
2472,17.0,8.0,8.0,1
2473,8.0,8.0,4.0,0
2474,6.0,7.0,4.0,1
2475,11.0,8.0,6.0,1
2476,12.0,10.0,4.0,0
2477,9.0,8.0,5.0,1
2478,14.0,8.0,2.0,0
2479,6.0,8.0,9.0,1
2480,12.0,9.0,2.0,1
2481,8.0,10.0,4.0,0
2482,15.0,8.0,5.0,0
2483,16.0,8.0,9.0,0
2484,8.0,8.0,2.0,1
2485,8.0,6.0,9.0,0
2486,13.0,9.0,7.0,0
2487,9.0,8.0,6.0,0
2488,10.0,8.0,3.0,0
2489,10.0,7.0,6.0,1
2490,4.0,8.0,4.0,1
2491,10.0,8.0,8.0,1
2492,8.0,9.0,3.0,1
2493,9.0,8.0,5.0,1
2494,14.0,10.0,4.0,1
2495,6.0,8.0,3.0,0
2496,12.0,7.0,6.0,1
2497,9.0,8.0,6.0,0
2498,9.0,7.0,7.0,0
2499,12.0,6.0,1.0,0
2500,11.0,10.0,7.0,0
2501,12.0,9.0,10.0,1
2502,13.0,9.0,4.0,1
2503,9.0,8.0,9.0,1
2504,8.0,7.0,4.0,0
2505,7.0,8.0,2.0,1
2506,8.0,9.0,4.0,1
2507,19.0,7.0,7.0,1
2508,14.0,5.0,3.0,1
2509,6.0,8.0,4.0,1
2510,6.0,8.0,6.0,1
2511,11.0,8.0,5.0,0
2512,12.0,9.0,6.0,0
2513,12.0,9.0,5.0,1
2514,9.0,8.0,6.0,0
2515,10.0,9.0,4.0,0
2516,11.0,6.0,5.0,1
2517,10.0,9.0,3.0,0
2518,3.0,9.0,8.0,1
2519,9.0,7.0,4.0,0
2520,7.0,6.0,7.0,1
2521,11.0,7.0,5.0,0
2522,19.0,7.0,5.0,0
2523,11.0,9.0,4.0,0
2524,9.0,7.0,3.0,0
2525,13.0,7.0,2.0,1
2526,11.0,7.0,3.0,0
2527,11.0,9.0,4.0,1
2528,12.0,8.0,5.0,1
2529,16.0,8.0,7.0,0
2530,7.0,8.0,4.0,0
2531,11.0,9.0,3.0,1
2532,7.0,7.0,2.0,0
2533,12.0,9.0,6.0,1
2534,7.0,8.0,8.0,0
2535,9.0,8.0,8.0,1
2536,9.0,11.0,6.0,0
2537,13.0,7.0,6.0,0
2538,13.0,8.0,8.0,1
2539,6.0,7.0,6.0,1
2540,10.0,9.0,6.0,1
2541,8.0,10.0,4.0,0
2542,6.0,10.0,2.0,0
2543,9.0,9.0,4.0,0
2544,9.0,8.0,5.0,0
2545,17.0,8.0,5.0,1
2546,11.0,6.0,9.0,1
2547,6.0,10.0,5.0,0
2548,8.0,8.0,7.0,0
2549,13.0,8.0,4.0,0
2550,16.0,9.0,4.0,1
2551,5.0,7.0,2.0,1
2552,4.0,8.0,4.0,0
2553,16.0,8.0,6.0,1
2554,11.0,9.0,5.0,0
2555,7.0,8.0,7.0,0
2556,12.0,7.0,5.0,1
2557,2.0,8.0,4.0,1
2558,10.0,9.0,9.0,1
2559,11.0,8.0,5.0,1
2560,13.0,9.0,7.0,0
2561,7.0,7.0,4.0,1
2562,10.0,8.0,6.0,1
2563,7.0,7.0,7.0,1
2564,11.0,9.0,5.0,1
2565,7.0,8.0,0.0,0
2566,9.0,9.0,5.0,0
2567,7.0,9.0,7.0,1
2568,12.0,9.0,6.0,1
2569,13.0,8.0,6.0,0
2570,9.0,7.0,2.0,0
2571,10.0,8.0,4.0,1
2572,6.0,7.0,6.0,0
2573,9.0,8.0,6.0,0
2574,10.0,8.0,7.0,0
2575,18.0,7.0,5.0,0
2576,7.0,6.0,6.0,1
2577,14.0,7.0,5.0,0
2578,13.0,8.0,3.0,0
2579,11.0,7.0,0.0,1
2580,15.0,8.0,6.0,1
2581,11.0,10.0,5.0,1
2582,11.0,9.0,4.0,0
2583,10.0,10.0,2.0,1
2584,14.0,8.0,6.0,0
2585,13.0,9.0,4.0,1
2586,8.0,7.0,6.0,0
2587,6.0,7.0,9.0,1
2588,9.0,5.0,1.0,1
2589,8.0,9.0,4.0,0
2590,10.0,10.0,5.0,1
2591,14.0,7.0,8.0,1
2592,9.0,8.0,2.0,1
2593,10.0,7.0,9.0,1
2594,10.0,8.0,5.0,1
2595,13.0,9.0,5.0,0
2596,3.0,6.0,5.0,0
2597,8.0,8.0,4.0,1
2598,11.0,8.0,7.0,1
2599,14.0,8.0,3.0,0
2600,9.0,8.0,6.0,0
2601,4.0,8.0,4.0,1
2602,12.0,8.0,3.0,0
2603,8.0,8.0,10.0,1
2604,6.0,9.0,6.0,1
2605,8.0,8.0,6.0,1
2606,9.0,8.0,7.0,1
2607,8.0,7.0,2.0,0
2608,3.0,8.0,9.0,0
2609,13.0,9.0,-0.0,0
2610,14.0,8.0,3.0,1
2611,12.0,9.0,4.0,0
2612,7.0,10.0,6.0,1
2613,9.0,9.0,5.0,1
2614,10.0,8.0,5.0,0
2615,12.0,7.0,5.0,1
2616,12.0,5.0,3.0,1
2617,8.0,8.0,2.0,1
2618,10.0,8.0,6.0,0
2619,11.0,8.0,6.0,1
2620,14.0,8.0,8.0,0
2621,12.0,8.0,3.0,1
2622,12.0,6.0,6.0,0
2623,10.0,7.0,4.0,1
2624,14.0,8.0,7.0,0
2625,11.0,10.0,7.0,0
2626,7.0,8.0,5.0,1
2627,14.0,8.0,4.0,1
2628,12.0,9.0,7.0,1
2629,9.0,7.0,6.0,1
2630,9.0,8.0,4.0,0
2631,11.0,7.0,2.0,1
2632,11.0,9.0,4.0,0
2633,11.0,8.0,8.0,1
2634,11.0,8.0,7.0,0
2635,15.0,7.0,3.0,0
2636,13.0,9.0,3.0,0
2637,11.0,10.0,8.0,1
2638,13.0,7.0,3.0,1
2639,7.0,8.0,6.0,0
2640,11.0,8.0,4.0,0
2641,15.0,9.0,8.0,0
2642,9.0,7.0,3.0,0
2643,7.0,5.0,7.0,0
2644,8.0,9.0,5.0,1
2645,7.0,9.0,6.0,0
2646,8.0,6.0,1.0,1
2647,9.0,7.0,1.0,1
2648,6.0,10.0,5.0,1
2649,10.0,9.0,5.0,0
2650,13.0,9.0,3.0,0
2651,7.0,8.0,3.0,0
2652,15.0,8.0,6.0,0
2653,12.0,8.0,6.0,1
2654,13.0,9.0,5.0,1
2655,8.0,7.0,7.0,1
2656,13.0,7.0,3.0,0
2657,7.0,9.0,4.0,0
2658,13.0,8.0,8.0,0
2659,11.0,9.0,5.0,0
2660,12.0,7.0,5.0,0
2661,6.0,8.0,10.0,0
2662,7.0,7.0,2.0,1
2663,12.0,8.0,7.0,1
2664,7.0,7.0,8.0,0
2665,11.0,8.0,4.0,1
2666,6.0,7.0,7.0,1
2667,13.0,9.0,3.0,1
2668,6.0,9.0,4.0,1
2669,12.0,6.0,6.0,0
2670,12.0,9.0,7.0,1
2671,8.0,10.0,7.0,0
2672,12.0,8.0,8.0,0
2673,11.0,7.0,5.0,1
2674,8.0,11.0,7.0,0
2675,7.0,7.0,4.0,1
2676,4.0,8.0,7.0,0
2677,11.0,8.0,5.0,0
2678,5.0,9.0,6.0,1
2679,10.0,8.0,6.0,1
2680,9.0,8.0,2.0,0
2681,12.0,7.0,3.0,1
2682,9.0,8.0,5.0,0
2683,9.0,7.0,2.0,1
2684,12.0,8.0,7.0,0
2685,11.0,7.0,7.0,0
2686,11.0,7.0,6.0,0
2687,11.0,9.0,3.0,0
2688,5.0,8.0,8.0,0
2689,12.0,7.0,9.0,1
2690,12.0,8.0,5.0,0
2691,7.0,8.0,6.0,1
2692,9.0,6.0,5.0,1
2693,10.0,8.0,6.0,0
2694,10.0,7.0,5.0,0
2695,11.0,10.0,5.0,1
2696,14.0,9.0,7.0,0
2697,13.0,8.0,10.0,0
2698,6.0,7.0,2.0,1
2699,12.0,8.0,5.0,1
2700,14.0,9.0,3.0,1
2701,11.0,8.0,8.0,1
2702,13.0,8.0,4.0,1
2703,16.0,8.0,2.0,1
2704,13.0,7.0,6.0,0
2705,11.0,8.0,8.0,1
2706,13.0,6.0,6.0,1
2707,10.0,9.0,5.0,0
2708,10.0,8.0,6.0,0
2709,9.0,7.0,8.0,0
2710,15.0,10.0,3.0,0
2711,8.0,8.0,5.0,0
2712,15.0,7.0,4.0,0
2713,11.0,9.0,3.0,1
2714,6.0,8.0,4.0,0
2715,11.0,8.0,7.0,0
2716,4.0,8.0,6.0,0
2717,12.0,8.0,6.0,0
2718,13.0,8.0,5.0,1
2719,8.0,9.0,6.0,0
2720,10.0,6.0,3.0,0
2721,16.0,8.0,4.0,1
2722,8.0,10.0,5.0,1
2723,7.0,7.0,6.0,1
2724,14.0,7.0,6.0,0
2725,16.0,8.0,5.0,1
2726,10.0,7.0,4.0,1
2727,13.0,6.0,11.0,1
2728,14.0,8.0,7.0,0
2729,8.0,8.0,6.0,0
2730,9.0,8.0,5.0,1
2731,14.0,8.0,4.0,0
2732,15.0,8.0,5.0,0
2733,12.0,9.0,6.0,0
2734,7.0,8.0,1.0,0
2735,16.0,7.0,2.0,0
2736,8.0,8.0,4.0,1
2737,9.0,9.0,5.0,1
2738,11.0,9.0,5.0,1
2739,15.0,7.0,8.0,1
2740,13.0,8.0,2.0,0
2741,11.0,8.0,3.0,1
2742,11.0,7.0,8.0,1
2743,10.0,8.0,5.0,0
2744,12.0,7.0,7.0,0
2745,2.0,6.0,9.0,0
2746,9.0,8.0,4.0,0
2747,11.0,8.0,5.0,1
2748,7.0,8.0,4.0,0
2749,11.0,8.0,1.0,0
2750,9.0,7.0,4.0,0
2751,15.0,8.0,7.0,0
2752,15.0,7.0,6.0,0
2753,9.0,9.0,6.0,0
2754,10.0,7.0,4.0,1
2755,10.0,8.0,4.0,1
2756,9.0,7.0,8.0,1
2757,11.0,9.0,4.0,0
2758,8.0,8.0,6.0,0
2759,7.0,7.0,5.0,1
2760,12.0,9.0,8.0,1
2761,12.0,8.0,7.0,1
2762,8.0,9.0,2.0,1
2763,13.0,7.0,3.0,0
2764,8.0,7.0,6.0,1
2765,11.0,8.0,5.0,0
2766,12.0,8.0,4.0,0
2767,10.0,9.0,7.0,0
2768,11.0,8.0,5.0,1
2769,8.0,8.0,5.0,1
2770,9.0,6.0,7.0,1
2771,9.0,10.0,4.0,0
2772,8.0,8.0,8.0,0
2773,9.0,9.0,3.0,1
2774,5.0,7.0,6.0,0
2775,9.0,8.0,8.0,1
2776,9.0,7.0,2.0,0
2777,9.0,8.0,4.0,0
2778,9.0,8.0,7.0,0
2779,10.0,8.0,7.0,0
2780,11.0,9.0,5.0,0
2781,13.0,7.0,4.0,0
2782,8.0,7.0,7.0,0
2783,6.0,8.0,7.0,1
2784,7.0,10.0,3.0,0
2785,9.0,8.0,3.0,0
2786,9.0,9.0,5.0,1
2787,8.0,8.0,6.0,1
2788,6.0,10.0,4.0,1
2789,9.0,6.0,6.0,1
2790,11.0,8.0,4.0,0
2791,12.0,6.0,1.0,0
2792,8.0,5.0,4.0,1
2793,9.0,8.0,5.0,0
2794,7.0,8.0,4.0,1
2795,10.0,8.0,3.0,0
2796,7.0,8.0,1.0,0
2797,12.0,11.0,4.0,0
2798,5.0,8.0,7.0,0
2799,9.0,9.0,8.0,0
2800,11.0,7.0,7.0,1
2801,11.0,8.0,3.0,0
2802,18.0,8.0,3.0,0
2803,11.0,8.0,6.0,0
2804,7.0,10.0,6.0,0
2805,10.0,9.0,6.0,0
2806,5.0,8.0,1.0,1
2807,10.0,6.0,3.0,0
2808,8.0,8.0,5.0,1
2809,13.0,11.0,6.0,0
2810,8.0,8.0,7.0,0
2811,10.0,9.0,5.0,1
2812,8.0,9.0,6.0,0
2813,15.0,8.0,5.0,0
2814,9.0,7.0,6.0,1
2815,15.0,6.0,6.0,0
2816,12.0,9.0,5.0,1
2817,11.0,7.0,4.0,1
2818,11.0,8.0,5.0,1
2819,11.0,7.0,6.0,0
2820,4.0,8.0,6.0,0
2821,9.0,8.0,6.0,1
2822,13.0,8.0,8.0,0
2823,10.0,7.0,6.0,1
2824,6.0,9.0,4.0,0
2825,10.0,7.0,7.0,1
2826,15.0,6.0,2.0,0
2827,14.0,8.0,3.0,1
2828,10.0,8.0,6.0,0
2829,13.0,8.0,6.0,1
2830,9.0,9.0,3.0,0
2831,5.0,8.0,4.0,1
2832,7.0,8.0,4.0,0
2833,15.0,7.0,4.0,0
2834,9.0,9.0,7.0,1
2835,9.0,8.0,6.0,0
2836,9.0,8.0,5.0,0
2837,16.0,6.0,4.0,0
2838,15.0,9.0,2.0,0
2839,17.0,7.0,8.0,1
2840,10.0,7.0,6.0,0
2841,11.0,8.0,4.0,0
2842,5.0,7.0,6.0,1
2843,14.0,7.0,5.0,0
2844,6.0,6.0,4.0,1
2845,11.0,9.0,6.0,0
2846,7.0,7.0,4.0,1
2847,8.0,11.0,4.0,0
2848,7.0,7.0,5.0,1
2849,8.0,7.0,4.0,1
2850,8.0,7.0,6.0,1
2851,8.0,8.0,9.0,0
2852,13.0,8.0,3.0,1
2853,7.0,9.0,2.0,0
2854,11.0,7.0,1.0,1
2855,14.0,7.0,5.0,1
2856,8.0,6.0,4.0,1
2857,8.0,6.0,5.0,0
2858,9.0,7.0,5.0,0
2859,14.0,8.0,2.0,1
2860,11.0,7.0,1.0,1
2861,8.0,9.0,6.0,1
2862,11.0,9.0,5.0,1
2863,7.0,8.0,4.0,1
2864,12.0,6.0,2.0,1
2865,11.0,7.0,6.0,1
2866,9.0,7.0,8.0,1
2867,7.0,7.0,6.0,0
2868,7.0,7.0,3.0,1
2869,12.0,7.0,5.0,0
2870,14.0,8.0,2.0,1
2871,8.0,7.0,7.0,0
2872,11.0,8.0,5.0,0
2873,4.0,8.0,1.0,1
2874,8.0,7.0,4.0,0
2875,10.0,9.0,6.0,0
2876,7.0,7.0,4.0,1
2877,7.0,6.0,4.0,1
2878,8.0,8.0,3.0,1
2879,11.0,7.0,6.0,0
2880,9.0,8.0,4.0,1
2881,3.0,6.0,1.0,0
2882,4.0,9.0,4.0,1
2883,8.0,9.0,7.0,1
2884,11.0,6.0,4.0,0
2885,2.0,7.0,8.0,0
2886,9.0,10.0,6.0,0
2887,8.0,7.0,6.0,1
2888,14.0,7.0,5.0,1
2889,9.0,6.0,5.0,1
2890,11.0,8.0,4.0,0
2891,10.0,8.0,4.0,0
2892,4.0,9.0,6.0,0
2893,12.0,7.0,3.0,0
2894,11.0,6.0,3.0,1
2895,12.0,8.0,3.0,0
2896,22.0,9.0,9.0,0
2897,4.0,6.0,6.0,1
2898,15.0,9.0,6.0,1
2899,9.0,8.0,3.0,0
2900,11.0,9.0,6.0,0
2901,10.0,8.0,5.0,0
2902,9.0,5.0,5.0,0
2903,8.0,8.0,3.0,0
2904,11.0,9.0,5.0,0
2905,5.0,7.0,4.0,1
2906,12.0,8.0,3.0,1
2907,9.0,8.0,6.0,1
2908,7.0,5.0,2.0,1
2909,9.0,10.0,6.0,0
2910,14.0,7.0,6.0,0
2911,8.0,9.0,3.0,0
2912,11.0,8.0,3.0,0
2913,8.0,9.0,5.0,1
2914,12.0,8.0,6.0,0
2915,12.0,8.0,5.0,0
2916,16.0,7.0,6.0,0
2917,9.0,9.0,9.0,0
2918,12.0,6.0,4.0,1
2919,10.0,9.0,2.0,0
2920,14.0,7.0,7.0,1
2921,8.0,9.0,8.0,0
2922,12.0,8.0,6.0,0
2923,9.0,9.0,3.0,0
2924,10.0,8.0,5.0,1
2925,10.0,6.0,3.0,0
2926,11.0,7.0,6.0,0
2927,10.0,9.0,2.0,0
2928,11.0,8.0,4.0,1
2929,15.0,9.0,3.0,1
2930,13.0,8.0,5.0,0
2931,13.0,7.0,4.0,1
2932,9.0,7.0,5.0,0
2933,7.0,8.0,5.0,0
2934,13.0,6.0,3.0,1
2935,13.0,10.0,6.0,0
2936,14.0,8.0,5.0,0
2937,8.0,9.0,3.0,1
2938,9.0,6.0,9.0,1
2939,5.0,9.0,6.0,1
2940,9.0,10.0,5.0,1
2941,13.0,7.0,8.0,0
2942,9.0,9.0,9.0,0
2943,12.0,8.0,5.0,0
2944,9.0,6.0,6.0,0
2945,11.0,8.0,3.0,0
2946,7.0,9.0,5.0,0
2947,10.0,7.0,5.0,0
2948,1.0,9.0,5.0,0
2949,9.0,6.0,6.0,1
2950,5.0,7.0,6.0,0
2951,14.0,8.0,5.0,0
2952,12.0,8.0,3.0,0
2953,11.0,7.0,3.0,0
2954,15.0,9.0,4.0,0
2955,7.0,9.0,4.0,1
2956,15.0,9.0,7.0,1
2957,13.0,8.0,3.0,1
2958,9.0,9.0,4.0,0
2959,13.0,8.0,7.0,0
2960,7.0,10.0,4.0,0
2961,8.0,7.0,6.0,0
2962,8.0,10.0,5.0,1
2963,8.0,8.0,6.0,1
2964,7.0,7.0,5.0,0
2965,14.0,9.0,6.0,0
2966,9.0,8.0,2.0,1
2967,11.0,9.0,4.0,1
2968,8.0,9.0,6.0,1
2969,5.0,8.0,6.0,1
2970,11.0,7.0,8.0,1
2971,4.0,9.0,4.0,1
2972,10.0,8.0,8.0,1
2973,6.0,9.0,4.0,0
2974,16.0,6.0,8.0,0
2975,13.0,8.0,7.0,1
2976,10.0,7.0,3.0,0
2977,14.0,10.0,6.0,1
2978,7.0,9.0,5.0,0
2979,12.0,8.0,6.0,1
2980,11.0,8.0,5.0,0
2981,11.0,7.0,4.0,1
2982,14.0,10.0,8.0,0
2983,12.0,10.0,5.0,0
2984,11.0,8.0,7.0,1
2985,5.0,10.0,5.0,1
2986,7.0,7.0,8.0,1
2987,10.0,7.0,4.0,0
2988,10.0,8.0,4.0,0
2989,7.0,8.0,8.0,0
2990,17.0,8.0,4.0,0
2991,15.0,9.0,8.0,1
2992,12.0,8.0,7.0,1
2993,10.0,7.0,5.0,0
2994,9.0,9.0,1.0,1
2995,7.0,9.0,5.0,1
2996,10.0,8.0,5.0,1
2997,11.0,9.0,7.0,1
2998,6.0,7.0,8.0,0
2999,11.0,8.0,4.0,1
3000,10.0,7.0,7.0,1
